dem_id,served
1,6674.42
2,10803.55
3,8923.01
4,15279.01
5,5480.34
6,6986.64
7,8493.97
8,3289.65
9,10425.16
10,12506.27
11,7915.02
12,5901.11
13,12369.8
14,9053.27
15,4982.04
16,13484.27
17,8789.64
18,6594.82
19,5045.1
20,7439.46
21,10486.16
22,11857.02
23,6037.58
24,3613.24
25,7885.04
26,7838.52
27,10213.23
28,5753.28
29,7930.53
30,2809.96
31,3540.88
32,4670.85
33,6550.36
34,9001.58
35,9084.28
36,6092.37
37,15974.77
38,14468.48
39,4711.17
40,3696.98
41,2496.7
42,9313.79
43,10312.48
44,11515.86
45,6591.71
46,2408.83
47,2398.49
48,5934.2
49,9452.33
50,8279.96
51,12965.29
52,3438.53
53,6059.29
54,7424.98
55,9445.09
56,7466.34
57,8596.31
58,13001.47
59,9234.19
60,5288.05
61,10080.9
62,7577.99
63,8183.82
64,8867.18
65,5741.9
66,8240.68
67,4451.68
68,5682.98
69,7729.96
70,6473.86
71,4494.07
72,8198.29
73,12514.54
74,20256.65
75,16730.64
76,28648.14
77,10275.65
78,13099.95
79,15926.18
80,6168.1
81,19547.18
82,23449.25
83,14840.66
84,11064.59
85,23193.38
86,16974.88
87,9341.32
88,25283.01
89,16480.58
90,12365.28
91,9459.56
92,13948.98
93,19661.55
94,22231.91
95,11320.46
96,6774.83
97,14784.45
98,14697.22
99,19149.8
100,10787.39
101,14869.74
102,5268.67
103,6639.14
104,8757.85
105,12281.93
106,16877.96
107,17033.03
108,11423.2
109,29952.7
110,27128.4
111,8833.45
112,6931.84
113,4681.32
114,17463.36
115,19335.89
116,21592.23
117,12359.46
118,4516.55
119,4497.17
120,11126.62
121,17723.11
122,15524.93
123,24309.92
124,6447.24
125,11361.17
126,13921.84
127,17709.54
128,13999.38
129,16118.09
130,24377.76
131,17314.1
132,9915.1
133,18901.68
134,14208.73
135,15344.65
136,16625.96
137,10766.07
138,15451.27
139,8346.9
140,10655.58
141,14493.68
142,12138.48
143,8426.38
144,15371.79
145,0.0
146,0.0
147,0.0
148,0.0
149,0.0
150,0.0
151,0.0
152,0.0
153,0.0
154,0.0
155,0.0
156,0.0
157,0.0
158,0.0
159,0.0
160,0.0
161,0.0
162,0.0
163,0.0
164,0.0
165,0.0
166,0.0
167,0.0
168,0.0
169,0.0
170,0.0
171,0.0
172,0.0
173,0.0
174,0.0
175,0.0
176,0.0
177,0.0
178,0.0
179,0.0
180,0.0
181,0.0
182,0.0
183,0.0
184,0.0
185,0.0
186,0.0
187,0.0
188,0.0
189,0.0
190,0.0
191,0.0
192,0.0
193,0.0
194,0.0
195,0.0
196,0.0
197,0.0
198,0.0
199,0.0
200,0.0
201,0.0
202,0.0
203,0.0
204,0.0
205,0.0
206,0.0
207,0.0
208,0.0
209,0.0
210,0.0
211,0.0
212,0.0
213,0.0
214,0.0
215,0.0
216,0.0
217,0.0
218,0.0
219,0.0
220,0.0
221,0.0
222,0.0
223,0.0
224,0.0
225,0.0
226,0.0
227,0.0
228,0.0
229,0.0
230,0.0
231,0.0
232,0.0
233,0.0
234,0.0
235,0.0
236,0.0
237,0.0
238,0.0
239,0.0
240,0.0
241,0.0
242,0.0
243,0.0
244,0.0
245,0.0
246,0.0
247,0.0
248,0.0
249,0.0
250,0.0
251,0.0
252,0.0
253,0.0
254,0.0
255,0.0
256,0.0
257,0.0
258,0.0
259,0.0
260,0.0
261,0.0
262,0.0
263,0.0
264,0.0
265,0.0
266,0.0
267,0.0
268,0.0
269,0.0
270,0.0
271,0.0
272,0.0
273,0.0
274,0.0
275,0.0
276,0.0
277,0.0
278,0.0
279,0.0
280,0.0
281,0.0
282,0.0
283,0.0
284,0.0
285,0.0
286,0.0
287,0.0
288,0.0
289,0.0
290,0.0
291,0.0
292,0.0
293,0.0
294,0.0
295,0.0
296,0.0
297,0.0
298,0.0
299,0.0
300,0.0
301,0.0
302,0.0
303,0.0
304,0.0
305,0.0
306,0.0
307,0.0
308,0.0
309,0.0
310,0.0
311,0.0
312,0.0
313,0.0
314,0.0
315,0.0
316,0.0
317,0.0
318,0.0
319,0.0
320,0.0
321,0.0
322,0.0
323,0.0
324,0.0
325,0.0
326,0.0
327,0.0
328,0.0
329,0.0
330,0.0
331,0.0
332,0.0
333,0.0
334,0.0
335,0.0
336,0.0
337,0.0
338,0.0
339,0.0
340,0.0
341,0.0
342,0.0
343,0.0
344,0.0
345,0.0
346,0.0
347,0.0
348,0.0
349,0.0
350,0.0
351,0.0
352,0.0
353,0.0
354,0.0
355,0.0
356,0.0
357,0.0
358,0.0
359,0.0
360,0.0
