sup_id,node,product,feedstock,bid,capacity
1,1,1,Corn_Stover,49.5,15482.42
2,1,2,Soybean_Straw,51.6,3931.51
3,1,3,Wheat_Straw,52.5,461.77
4,1,4,Oats_Straw,52.2,68.13
5,1,7,Miscanthus,51.0,140258.82
6,1,8,Poplar,33.0,250.91
7,1,9,Willow,33.0,115900.0
8,1,10,Logging_Residues,23.0,11492.7
9,1,11,SmallDiameter_Trees,33.0,254.0
10,1,13,Other_Forest_Waste,40.0,7959.91
11,2,2,Soybean_Straw,51.6,289.42
12,2,4,Oats_Straw,52.2,87.46
13,2,7,Miscanthus,51.0,36688.24
14,2,8,Poplar,33.0,974.55
15,2,9,Willow,33.0,2105.45
16,2,10,Logging_Residues,23.0,62976.0
17,2,11,SmallDiameter_Trees,33.0,107786.36
18,2,13,Other_Forest_Waste,40.0,2050.38
19,3,1,Corn_Stover,49.5,159819.39
20,3,2,Soybean_Straw,51.6,15301.86
21,3,3,Wheat_Straw,52.5,2992.43
22,3,4,Oats_Straw,52.2,211.64
23,3,7,Miscanthus,51.0,104887.06
24,3,8,Poplar,33.0,6647.27
25,3,9,Willow,33.0,2645.45
26,3,10,Logging_Residues,23.0,12186.78
27,3,11,SmallDiameter_Trees,33.0,10023.45
28,3,12,Mill_Residues,32.5,27960.2
29,4,2,Soybean_Straw,51.6,567.91
30,4,3,Wheat_Straw,52.5,740.7
31,4,7,Miscanthus,51.0,49116.47
32,4,8,Poplar,33.0,509.09
33,4,9,Willow,33.0,2458.18
34,4,10,Logging_Residues,23.0,118195.3
35,4,11,SmallDiameter_Trees,33.0,133784.18
36,4,13,Other_Forest_Waste,40.0,2425.76
37,5,1,Corn_Stover,49.5,89127.27
38,5,2,Soybean_Straw,51.6,9735.93
39,5,3,Wheat_Straw,52.5,10059.76
40,5,4,Oats_Straw,52.2,847.78
41,5,5,Barley_Straw,52.8,29.77
42,5,7,Miscanthus,51.0,26021.18
43,5,8,Poplar,33.0,1487.27
44,5,9,Willow,33.0,7560.0
45,5,10,Logging_Residues,23.0,7999.65
46,5,11,SmallDiameter_Trees,33.0,7823.82
47,5,12,Mill_Residues,32.5,70.71
48,6,1,Corn_Stover,49.5,19767.27
49,6,2,Soybean_Straw,51.6,14356.63
50,6,3,Wheat_Straw,52.5,457.23
51,6,4,Oats_Straw,52.2,413.96
52,6,5,Barley_Straw,52.8,46.25
53,6,7,Miscanthus,51.0,6550.59
54,6,8,Poplar,33.0,961.82
55,6,9,Willow,33.0,2183.64
56,6,10,Logging_Residues,23.0,5753.74
57,6,11,SmallDiameter_Trees,33.0,7276.55
58,6,12,Mill_Residues,32.5,3149.03
59,6,13,Other_Forest_Waste,40.0,426.09
60,7,1,Corn_Stover,49.5,26824.24
61,7,2,Soybean_Straw,51.6,2796.51
62,7,3,Wheat_Straw,52.5,107.15
63,7,4,Oats_Straw,52.2,276.58
64,7,7,Miscanthus,51.0,90578.82
65,7,8,Poplar,33.0,2307.27
66,7,9,Willow,33.0,770.91
67,7,10,Logging_Residues,23.0,20826.96
68,7,11,SmallDiameter_Trees,33.0,17025.09
69,7,13,Other_Forest_Waste,40.0,82.69
70,8,2,Soybean_Straw,51.6,10813.14
71,8,3,Wheat_Straw,52.5,9122.6
72,8,4,Oats_Straw,52.2,290.37
73,8,7,Miscanthus,51.0,9001.18
74,8,9,Willow,33.0,2794.55
75,8,10,Logging_Residues,23.0,3277.74
76,8,11,SmallDiameter_Trees,33.0,3297.64
77,8,13,Other_Forest_Waste,40.0,326.97
78,9,1,Corn_Stover,49.5,377751.52
79,9,2,Soybean_Straw,51.6,19945.81
80,9,3,Wheat_Straw,52.5,1550.68
81,9,4,Oats_Straw,52.2,380.83
82,9,5,Barley_Straw,52.8,229.55
83,9,7,Miscanthus,51.0,84140.0
84,9,9,Willow,33.0,18834.55
85,9,10,Logging_Residues,23.0,13719.83
86,9,11,SmallDiameter_Trees,33.0,11308.55
87,9,13,Other_Forest_Waste,40.0,18659.4
88,10,1,Corn_Stover,49.5,147295.76
89,10,2,Soybean_Straw,51.6,22523.72
90,10,3,Wheat_Straw,52.5,2780.38
91,10,4,Oats_Straw,52.2,1360.14
92,10,5,Barley_Straw,52.8,69.09
93,10,7,Miscanthus,51.0,646948.24
94,10,8,Poplar,33.0,6865.45
95,10,9,Willow,33.0,11627.27
96,10,10,Logging_Residues,23.0,46936.87
97,10,11,SmallDiameter_Trees,33.0,32005.64
98,10,13,Other_Forest_Waste,40.0,2561.72
99,11,2,Soybean_Straw,51.6,24521.16
100,11,3,Wheat_Straw,52.5,6580.94
101,11,4,Oats_Straw,52.2,199.05
102,11,7,Miscanthus,51.0,37972.94
103,11,9,Willow,33.0,11641.82
104,11,10,Logging_Residues,23.0,3944.7
105,11,11,SmallDiameter_Trees,33.0,5170.55
106,11,13,Other_Forest_Waste,40.0,366.62
107,12,1,Corn_Stover,49.5,39767.27
108,12,2,Soybean_Straw,51.6,7221.4
109,12,3,Wheat_Straw,52.5,1016.94
110,12,4,Oats_Straw,52.2,209.41
111,12,5,Barley_Straw,52.8,7.05
112,12,7,Miscanthus,51.0,10743.53
113,12,8,Poplar,33.0,1581.82
114,12,9,Willow,33.0,3949.09
115,12,10,Logging_Residues,23.0,3491.48
116,12,11,SmallDiameter_Trees,33.0,21722.73
117,12,12,Mill_Residues,32.5,118.38
118,12,13,Other_Forest_Waste,40.0,2418.05
119,13,1,Corn_Stover,49.5,708127.27
120,13,2,Soybean_Straw,51.6,42226.05
121,13,3,Wheat_Straw,52.5,10463.52
122,13,4,Oats_Straw,52.2,144.11
123,13,5,Barley_Straw,52.8,36.02
124,13,7,Miscanthus,51.0,73645.88
125,13,9,Willow,33.0,24738.18
126,13,10,Logging_Residues,23.0,6049.91
127,13,11,SmallDiameter_Trees,33.0,5901.82
128,13,12,Mill_Residues,32.5,19.62
129,13,13,Other_Forest_Waste,40.0,14411.97
130,14,1,Corn_Stover,49.5,490718.79
131,14,2,Soybean_Straw,51.6,41102.21
132,14,3,Wheat_Straw,52.5,15931.59
133,14,4,Oats_Straw,52.2,510.56
134,14,5,Barley_Straw,52.8,79.32
135,14,7,Miscanthus,51.0,38588.24
136,14,9,Willow,33.0,11876.36
137,14,10,Logging_Residues,23.0,1397.39
138,14,11,SmallDiameter_Trees,33.0,1540.91
139,15,1,Corn_Stover,49.5,18807.27
140,15,2,Soybean_Straw,51.6,5639.77
141,15,3,Wheat_Straw,52.5,8154.71
142,15,4,Oats_Straw,52.2,1074.28
143,15,5,Barley_Straw,52.8,16.25
144,15,7,Miscanthus,51.0,132657.65
145,15,8,Poplar,33.0,809.09
146,15,9,Willow,33.0,56936.36
147,15,10,Logging_Residues,23.0,16370.78
148,15,11,SmallDiameter_Trees,33.0,15906.18
149,15,13,Other_Forest_Waste,40.0,17034.0
150,16,7,Miscanthus,51.0,41076.47
151,16,8,Poplar,33.0,663.64
152,16,10,Logging_Residues,23.0,22339.48
153,16,11,SmallDiameter_Trees,33.0,17017.82
154,16,13,Other_Forest_Waste,40.0,424.72
155,17,1,Corn_Stover,49.5,308324.85
156,17,2,Soybean_Straw,51.6,27615.35
157,17,3,Wheat_Straw,52.5,230.74
158,17,4,Oats_Straw,52.2,408.28
159,17,5,Barley_Straw,52.8,40.57
160,17,7,Miscanthus,51.0,7147.06
161,17,8,Poplar,33.0,1043.64
162,17,9,Willow,33.0,2312.73
163,17,10,Logging_Residues,23.0,5488.17
164,17,11,SmallDiameter_Trees,33.0,5980.36
165,17,13,Other_Forest_Waste,40.0,5842.0
166,18,1,Corn_Stover,49.5,95572.12
167,18,2,Soybean_Straw,51.6,8756.51
168,18,3,Wheat_Straw,52.5,203.04
169,18,4,Oats_Straw,52.2,227.1
170,18,7,Miscanthus,51.0,7532.94
171,18,10,Logging_Residues,23.0,4897.74
172,18,11,SmallDiameter_Trees,33.0,4743.09
173,18,13,Other_Forest_Waste,40.0,5917.17
174,19,4,Oats_Straw,52.2,131.53
175,19,10,Logging_Residues,23.0,33102.78
176,19,11,SmallDiameter_Trees,33.0,13004.91
177,20,1,Corn_Stover,49.5,337487.27
178,20,2,Soybean_Straw,51.6,26243.95
179,20,3,Wheat_Straw,52.5,16739.88
180,20,4,Oats_Straw,52.2,247.93
181,20,7,Miscanthus,51.0,11414.12
182,20,9,Willow,33.0,27227.27
183,20,10,Logging_Residues,23.0,11287.48
184,20,11,SmallDiameter_Trees,33.0,11518.18
185,21,2,Soybean_Straw,51.6,95.93
186,21,4,Oats_Straw,52.2,188.47
187,21,7,Miscanthus,51.0,12760.0
188,21,10,Logging_Residues,23.0,99360.0
189,21,11,SmallDiameter_Trees,33.0,51835.27
190,21,12,Mill_Residues,32.5,9.2
191,21,13,Other_Forest_Waste,40.0,2159.31
192,22,1,Corn_Stover,49.5,245649.7
193,22,2,Soybean_Straw,51.6,41947.21
194,22,3,Wheat_Straw,52.5,3291.93
195,22,4,Oats_Straw,52.2,1146.68
196,22,5,Barley_Straw,52.8,139.2
197,22,7,Miscanthus,51.0,10624.71
198,22,9,Willow,33.0,4500.0
199,22,10,Logging_Residues,23.0,3901.91
200,22,11,SmallDiameter_Trees,33.0,22845.45
201,22,13,Other_Forest_Waste,40.0,591.72
202,23,1,Corn_Stover,49.5,219536.97
203,23,2,Soybean_Straw,51.6,29716.63
204,23,3,Wheat_Straw,52.5,5476.48
205,23,4,Oats_Straw,52.2,331.64
206,23,7,Miscanthus,51.0,53528.24
207,23,9,Willow,33.0,15374.55
208,23,10,Logging_Residues,23.0,2441.22
209,23,11,SmallDiameter_Trees,33.0,2244.91
210,23,13,Other_Forest_Waste,40.0,27.17
211,24,1,Corn_Stover,49.5,201907.88
212,24,2,Soybean_Straw,51.6,8108.49
213,24,3,Wheat_Straw,52.5,3628.16
214,24,4,Oats_Straw,52.2,273.05
215,24,5,Barley_Straw,52.8,62.95
216,24,7,Miscanthus,51.0,11614.12
217,24,9,Willow,33.0,4263.64
218,24,10,Logging_Residues,23.0,1156.35
219,25,1,Corn_Stover,49.5,199208.48
220,25,2,Soybean_Straw,51.6,21911.16
221,25,3,Wheat_Straw,52.5,1923.03
222,25,4,Oats_Straw,52.2,485.91
223,25,7,Miscanthus,51.0,5516.47
224,25,9,Willow,33.0,2072.73
225,25,10,Logging_Residues,23.0,2720.52
226,25,11,SmallDiameter_Trees,33.0,17272.36
227,26,7,Miscanthus,51.0,3577.65
228,26,9,Willow,33.0,49.09
229,26,10,Logging_Residues,23.0,31322.78
230,26,11,SmallDiameter_Trees,33.0,22072.91
231,26,12,Mill_Residues,32.5,52.05
232,26,13,Other_Forest_Waste,40.0,4471.86
233,27,1,Corn_Stover,49.5,139459.39
234,27,2,Soybean_Straw,51.6,11123.84
235,27,4,Oats_Straw,52.2,395.66
236,27,7,Miscanthus,51.0,7620.0
237,27,9,Willow,33.0,2405.45
238,27,10,Logging_Residues,23.0,10226.78
239,27,11,SmallDiameter_Trees,33.0,7545.27
240,27,13,Other_Forest_Waste,40.0,1472.76
241,28,1,Corn_Stover,49.5,362867.88
242,28,2,Soybean_Straw,51.6,20026.98
243,28,3,Wheat_Straw,52.5,4481.21
244,28,4,Oats_Straw,52.2,34.18
245,28,7,Miscanthus,51.0,20955.29
246,28,9,Willow,33.0,6214.55
247,28,10,Logging_Residues,23.0,1521.22
248,28,11,SmallDiameter_Trees,33.0,1691.64
249,29,1,Corn_Stover,49.5,57899.39
250,29,2,Soybean_Straw,51.6,10782.67
251,29,3,Wheat_Straw,52.5,1263.5
252,29,4,Oats_Straw,52.2,72.83
253,29,7,Miscanthus,51.0,61950.59
254,29,9,Willow,33.0,9476.36
255,29,10,Logging_Residues,23.0,60695.48
256,29,11,SmallDiameter_Trees,33.0,20659.64
257,29,12,Mill_Residues,32.5,2684.97
258,29,13,Other_Forest_Waste,40.0,542.16
259,30,1,Corn_Stover,49.5,141640.0
260,30,2,Soybean_Straw,51.6,7832.09
261,30,3,Wheat_Straw,52.5,3330.88
262,30,4,Oats_Straw,52.2,14.2
263,30,7,Miscanthus,51.0,1510.59
264,30,9,Willow,33.0,592.73
265,30,10,Logging_Residues,23.0,1044.87
266,30,11,SmallDiameter_Trees,33.0,1228.0
267,31,1,Corn_Stover,49.5,86333.33
268,31,2,Soybean_Straw,51.6,6638.49
269,31,3,Wheat_Straw,52.5,10675.02
270,31,4,Oats_Straw,52.2,1306.61
271,31,7,Miscanthus,51.0,14616.47
272,31,9,Willow,33.0,4692.73
273,31,10,Logging_Residues,23.0,3125.39
274,31,11,SmallDiameter_Trees,33.0,2974.36
275,32,1,Corn_Stover,49.5,53938.18
276,32,2,Soybean_Straw,51.6,8494.88
277,32,3,Wheat_Straw,52.5,70.3
278,32,4,Oats_Straw,52.2,49.93
279,32,7,Miscanthus,51.0,3988.24
280,32,8,Poplar,33.0,589.09
281,32,9,Willow,33.0,1429.09
282,32,10,Logging_Residues,23.0,3961.91
283,32,11,SmallDiameter_Trees,33.0,4809.27
284,32,13,Other_Forest_Waste,40.0,592.24
285,33,1,Corn_Stover,49.5,202463.03
286,33,2,Soybean_Straw,51.6,33425.47
287,33,3,Wheat_Straw,52.5,2019.81
288,33,4,Oats_Straw,52.2,367.65
289,33,5,Barley_Straw,52.8,191.36
290,33,7,Miscanthus,51.0,8709.41
291,33,9,Willow,33.0,4549.09
292,33,10,Logging_Residues,23.0,751.65
293,33,11,SmallDiameter_Trees,33.0,4783.09
294,33,13,Other_Forest_Waste,40.0,113.29
295,34,1,Corn_Stover,49.5,814.55
296,34,2,Soybean_Straw,51.6,1548.14
297,34,3,Wheat_Straw,52.5,2064.76
298,34,4,Oats_Straw,52.2,3628.85
299,34,5,Barley_Straw,52.8,180.45
300,34,6,Switchgrass,52.5,32520.0
301,34,7,Miscanthus,51.0,103551.76
302,34,10,Logging_Residues,23.0,34890.78
303,34,11,SmallDiameter_Trees,33.0,6640.91
304,34,12,Mill_Residues,32.5,2318.95
305,35,1,Corn_Stover,49.5,9604.85
306,35,2,Soybean_Straw,51.6,2327.67
307,35,3,Wheat_Straw,52.5,206.86
308,35,4,Oats_Straw,52.2,252.42
309,35,5,Barley_Straw,52.8,56.82
310,35,7,Miscanthus,51.0,72889.41
311,35,10,Logging_Residues,23.0,41860.7
312,35,11,SmallDiameter_Trees,33.0,28915.45
313,35,13,Other_Forest_Waste,40.0,52.51
314,36,2,Soybean_Straw,51.6,12906.16
315,36,3,Wheat_Straw,52.5,15436.89
316,36,4,Oats_Straw,52.2,604.36
317,36,5,Barley_Straw,52.8,10.57
318,36,7,Miscanthus,51.0,33837.65
319,36,9,Willow,33.0,5781.82
320,36,10,Logging_Residues,23.0,7173.91
321,36,11,SmallDiameter_Trees,33.0,6918.55
322,37,1,Corn_Stover,49.5,131367.27
323,37,2,Soybean_Straw,51.6,25428.26
324,37,3,Wheat_Straw,52.5,4154.99
325,37,4,Oats_Straw,52.2,3031.4
326,37,5,Barley_Straw,52.8,189.89
327,37,7,Miscanthus,51.0,655503.53
328,37,9,Willow,33.0,1663.64
329,37,10,Logging_Residues,23.0,52590.43
330,37,11,SmallDiameter_Trees,33.0,36640.91
331,37,12,Mill_Residues,32.5,1038.46
332,37,13,Other_Forest_Waste,40.0,339.5
333,38,2,Soybean_Straw,51.6,4067.33
334,38,3,Wheat_Straw,52.5,1523.4
335,38,4,Oats_Straw,52.2,149.08
336,38,7,Miscanthus,51.0,140778.82
337,38,9,Willow,33.0,45198.18
338,38,10,Logging_Residues,23.0,35731.48
339,38,12,Mill_Residues,32.5,202.66
340,38,13,Other_Forest_Waste,40.0,3962.32
341,39,1,Corn_Stover,49.5,43019.39
342,39,2,Soybean_Straw,51.6,6907.09
343,39,3,Wheat_Straw,52.5,800.44
344,39,4,Oats_Straw,52.2,12.83
345,39,7,Miscanthus,51.0,156200.0
346,39,9,Willow,33.0,151447.27
347,39,10,Logging_Residues,23.0,4394.43
348,39,11,SmallDiameter_Trees,33.0,169.27
349,39,12,Mill_Residues,32.5,32.77
350,40,10,Logging_Residues,23.0,11485.91
351,41,2,Soybean_Straw,51.6,607.91
352,41,3,Wheat_Straw,52.5,170.48
353,41,10,Logging_Residues,23.0,415.3
354,41,11,SmallDiameter_Trees,33.0,488.91
355,42,1,Corn_Stover,49.5,7006.06
356,42,2,Soybean_Straw,51.6,9173.72
357,42,3,Wheat_Straw,52.5,123.09
358,42,4,Oats_Straw,52.2,465.11
359,42,7,Miscanthus,51.0,52701.18
360,42,8,Poplar,33.0,1192.73
361,42,9,Willow,33.0,2738.18
362,42,10,Logging_Residues,23.0,26630.43
363,42,11,SmallDiameter_Trees,33.0,57111.45
364,42,12,Mill_Residues,32.5,459.09
365,42,13,Other_Forest_Waste,40.0,8225.41
366,43,1,Corn_Stover,49.5,33739.39
367,43,2,Soybean_Straw,51.6,10969.19
368,43,3,Wheat_Straw,52.5,3694.32
369,43,4,Oats_Straw,52.2,861.58
370,43,7,Miscanthus,51.0,251984.71
371,43,9,Willow,33.0,77823.64
372,43,10,Logging_Residues,23.0,46480.52
373,43,11,SmallDiameter_Trees,33.0,20752.55
374,44,2,Soybean_Straw,51.6,197.79
375,44,7,Miscanthus,51.0,20292.94
376,44,10,Logging_Residues,23.0,30298.61
377,44,11,SmallDiameter_Trees,33.0,31386.18
378,44,12,Mill_Residues,32.5,56.09
379,44,13,Other_Forest_Waste,40.0,9213.72
380,45,1,Corn_Stover,49.5,99534.55
381,45,2,Soybean_Straw,51.6,22346.98
382,45,3,Wheat_Straw,52.5,6264.87
383,45,4,Oats_Straw,52.2,514.86
384,45,7,Miscanthus,51.0,15308.24
385,45,9,Willow,33.0,5380.0
386,45,10,Logging_Residues,23.0,5709.74
387,45,11,SmallDiameter_Trees,33.0,5366.73
388,45,13,Other_Forest_Waste,40.0,1057.01
389,46,1,Corn_Stover,49.5,74081.21
390,46,2,Soybean_Straw,51.6,4449.19
391,46,3,Wheat_Straw,52.5,2700.17
392,46,4,Oats_Straw,52.2,98.22
393,46,7,Miscanthus,51.0,1227.06
394,46,9,Willow,33.0,545.45
395,46,10,Logging_Residues,23.0,564.35
396,46,11,SmallDiameter_Trees,33.0,652.0
397,47,1,Corn_Stover,49.5,68820.61
398,47,2,Soybean_Straw,51.6,6848.49
399,47,7,Miscanthus,51.0,827.06
400,47,9,Willow,33.0,369.09
401,47,10,Logging_Residues,23.0,1531.65
402,47,11,SmallDiameter_Trees,33.0,1907.45
403,47,13,Other_Forest_Waste,40.0,2638.58
404,48,1,Corn_Stover,49.5,185621.82
405,48,2,Soybean_Straw,51.6,16688.37
406,48,3,Wheat_Straw,52.5,504.2
407,48,4,Oats_Straw,52.2,579.58
408,48,7,Miscanthus,51.0,8415.29
409,48,9,Willow,33.0,1434.55
410,48,10,Logging_Residues,23.0,3383.48
411,48,11,SmallDiameter_Trees,33.0,4367.27
412,49,1,Corn_Stover,49.5,135404.85
413,49,2,Soybean_Straw,51.6,12253.02
414,49,3,Wheat_Straw,52.5,329.15
415,49,4,Oats_Straw,52.2,310.26
416,49,5,Barley_Straw,52.8,40.11
417,49,7,Miscanthus,51.0,74937.65
418,49,8,Poplar,33.0,725.45
419,49,9,Willow,33.0,1498.18
420,49,10,Logging_Residues,23.0,19376.87
421,49,11,SmallDiameter_Trees,33.0,15979.82
422,49,13,Other_Forest_Waste,40.0,7308.28
423,50,1,Corn_Stover,49.5,88773.33
424,50,2,Soybean_Straw,51.6,8108.49
425,50,3,Wheat_Straw,52.5,721.41
426,50,4,Oats_Straw,52.2,644.82
427,50,5,Barley_Straw,52.8,27.5
428,50,7,Miscanthus,51.0,28781.18
429,50,8,Poplar,33.0,230.91
430,50,9,Willow,33.0,7961.82
431,50,10,Logging_Residues,23.0,7866.09
432,50,13,Other_Forest_Waste,40.0,1671.04
433,51,1,Corn_Stover,49.5,6413.33
434,51,2,Soybean_Straw,51.6,241.4
435,51,4,Oats_Straw,52.2,74.03
436,51,7,Miscanthus,51.0,55620.0
437,51,8,Poplar,33.0,2992.73
438,51,9,Willow,33.0,312.73
439,51,10,Logging_Residues,23.0,65451.13
440,51,11,SmallDiameter_Trees,33.0,67125.27
441,52,1,Corn_Stover,49.5,121089.7
442,52,2,Soybean_Straw,51.6,13947.79
443,52,3,Wheat_Straw,52.5,6566.37
444,52,4,Oats_Straw,52.2,173.53
445,52,7,Miscanthus,51.0,600.0
446,52,9,Willow,33.0,316.36
447,52,10,Logging_Residues,23.0,1166.26
448,52,11,SmallDiameter_Trees,33.0,1369.27
449,52,13,Other_Forest_Waste,40.0,917.79
450,53,1,Corn_Stover,49.5,27557.58
451,53,2,Soybean_Straw,51.6,7284.3
452,53,3,Wheat_Straw,52.5,1263.87
453,53,4,Oats_Straw,52.2,171.12
454,53,7,Miscanthus,51.0,26969.41
455,53,8,Poplar,33.0,723.64
456,53,9,Willow,33.0,1798.18
457,53,10,Logging_Residues,23.0,3198.96
458,53,11,SmallDiameter_Trees,33.0,20328.18
459,53,13,Other_Forest_Waste,40.0,1172.09
460,54,1,Corn_Stover,49.5,500209.7
461,54,2,Soybean_Straw,51.6,41509.3
462,54,3,Wheat_Straw,52.5,4221.02
463,54,4,Oats_Straw,52.2,10.95
464,54,7,Miscanthus,51.0,29254.12
465,54,9,Willow,33.0,10063.64
466,54,10,Logging_Residues,23.0,2352.7
467,54,11,SmallDiameter_Trees,33.0,2294.73
468,55,1,Corn_Stover,49.5,13572.12
469,55,2,Soybean_Straw,51.6,4430.35
470,55,3,Wheat_Straw,52.5,279.7
471,55,4,Oats_Straw,52.2,44.65
472,55,6,Switchgrass,52.5,70380.57
473,55,7,Miscanthus,51.0,179787.06
474,55,10,Logging_Residues,23.0,19912.35
475,55,11,SmallDiameter_Trees,33.0,16577.27
476,56,1,Corn_Stover,49.5,344960.0
477,56,2,Soybean_Straw,51.6,22013.14
478,56,3,Wheat_Straw,52.5,444.67
479,56,4,Oats_Straw,52.2,378.66
480,56,7,Miscanthus,51.0,10227.06
481,56,9,Willow,33.0,1727.27
482,56,10,Logging_Residues,23.0,4409.74
483,56,11,SmallDiameter_Trees,33.0,6583.64
484,56,13,Other_Forest_Waste,40.0,5535.92
485,57,1,Corn_Stover,49.5,98760.0
486,57,2,Soybean_Straw,51.6,18626.16
487,57,3,Wheat_Straw,52.5,4492.92
488,57,4,Oats_Straw,52.2,141.49
489,57,7,Miscanthus,51.0,6104.71
490,57,9,Willow,33.0,2378.18
491,57,10,Logging_Residues,23.0,4148.7
492,57,11,SmallDiameter_Trees,33.0,21489.82
493,57,13,Other_Forest_Waste,40.0,895.41
494,58,1,Corn_Stover,49.5,8184.24
495,58,2,Soybean_Straw,51.6,575.35
496,58,7,Miscanthus,51.0,14727.06
497,58,10,Logging_Residues,23.0,57372.52
498,58,11,SmallDiameter_Trees,33.0,53494.73
499,58,13,Other_Forest_Waste,40.0,1221.4
500,59,1,Corn_Stover,49.5,94546.67
501,59,2,Soybean_Straw,51.6,13292.21
502,59,3,Wheat_Straw,52.5,3694.84
503,59,4,Oats_Straw,52.2,1386.73
504,59,5,Barley_Straw,52.8,155.8
505,59,7,Miscanthus,51.0,164151.76
506,59,9,Willow,33.0,7407.27
507,59,10,Logging_Residues,23.0,13193.39
508,60,1,Corn_Stover,49.5,208147.88
509,60,2,Soybean_Straw,51.6,16106.28
510,60,3,Wheat_Straw,52.5,14489.49
511,60,4,Oats_Straw,52.2,1074.23
512,60,5,Barley_Straw,52.8,31.36
513,60,7,Miscanthus,51.0,27072.94
514,60,8,Poplar,33.0,1800.0
515,60,9,Willow,33.0,8301.82
516,60,10,Logging_Residues,23.0,13209.22
517,60,11,SmallDiameter_Trees,33.0,11962.0
518,61,1,Corn_Stover,49.5,23281.21
519,61,2,Soybean_Straw,51.6,11302.21
520,61,3,Wheat_Straw,52.5,507.24
521,61,4,Oats_Straw,52.2,1045.95
522,61,5,Barley_Straw,52.8,18.75
523,61,7,Miscanthus,51.0,94605.88
524,61,8,Poplar,33.0,9145.45
525,61,10,Logging_Residues,23.0,62539.3
526,61,11,SmallDiameter_Trees,33.0,52623.64
527,61,13,Other_Forest_Waste,40.0,2569.28
528,62,1,Corn_Stover,49.5,149379.39
529,62,2,Soybean_Straw,51.6,16651.4
530,62,3,Wheat_Straw,52.5,285.64
531,62,4,Oats_Straw,52.2,85.4
532,62,7,Miscanthus,51.0,8957.65
533,62,8,Poplar,33.0,1321.82
534,62,9,Willow,33.0,2974.55
535,62,10,Logging_Residues,23.0,5526.09
536,62,11,SmallDiameter_Trees,33.0,6613.82
537,62,13,Other_Forest_Waste,40.0,939.45
538,63,1,Corn_Stover,49.5,10555.15
539,63,2,Soybean_Straw,51.6,15795.81
540,63,3,Wheat_Straw,52.5,1205.48
541,63,4,Oats_Straw,52.2,530.98
542,63,5,Barley_Straw,52.8,14.2
543,63,7,Miscanthus,51.0,20324.71
544,63,8,Poplar,33.0,3012.73
545,63,9,Willow,33.0,6956.36
546,63,10,Logging_Residues,23.0,4032.0
547,63,11,SmallDiameter_Trees,33.0,25288.18
548,63,12,Mill_Residues,32.5,1878.69
549,64,7,Miscanthus,51.0,371.76
550,64,10,Logging_Residues,23.0,35337.57
551,64,11,SmallDiameter_Trees,33.0,48913.64
552,64,13,Other_Forest_Waste,40.0,177.42
553,65,1,Corn_Stover,49.5,226289.7
554,65,2,Soybean_Straw,51.6,18600.23
555,65,3,Wheat_Straw,52.5,3341.22
556,65,4,Oats_Straw,52.2,29.02
557,65,7,Miscanthus,51.0,3607.06
558,65,9,Willow,33.0,1938.18
559,65,10,Logging_Residues,23.0,2294.43
560,65,11,SmallDiameter_Trees,33.0,2640.55
561,66,1,Corn_Stover,49.5,17484.85
562,66,2,Soybean_Straw,51.6,2739.07
563,66,3,Wheat_Straw,52.5,128.45
564,66,4,Oats_Straw,52.2,141.08
565,66,7,Miscanthus,51.0,27001.18
566,66,10,Logging_Residues,23.0,22386.96
567,66,11,SmallDiameter_Trees,33.0,18991.45
568,66,12,Mill_Residues,32.5,52.46
569,67,1,Corn_Stover,49.5,136655.76
570,67,2,Soybean_Straw,51.6,9803.37
571,67,3,Wheat_Straw,52.5,4537.67
572,67,4,Oats_Straw,52.2,789.57
573,67,5,Barley_Straw,52.8,22.95
574,67,7,Miscanthus,51.0,2532.94
575,67,9,Willow,33.0,1392.73
576,67,10,Logging_Residues,23.0,1586.43
577,67,11,SmallDiameter_Trees,33.0,1803.82
578,68,1,Corn_Stover,49.5,59506.67
579,68,2,Soybean_Straw,51.6,6807.67
580,68,3,Wheat_Straw,52.5,1415.08
581,68,4,Oats_Straw,52.2,35.59
582,68,7,Miscanthus,51.0,1263.53
583,68,9,Willow,33.0,600.0
584,68,10,Logging_Residues,23.0,2352.7
585,68,11,SmallDiameter_Trees,33.0,2684.0
586,69,1,Corn_Stover,49.5,207420.61
587,69,2,Soybean_Straw,51.6,10922.91
588,69,3,Wheat_Straw,52.5,2252.58
589,69,4,Oats_Straw,52.2,115.99
590,69,7,Miscanthus,51.0,33494.12
591,69,9,Willow,33.0,10729.09
592,69,10,Logging_Residues,23.0,5815.48
593,69,12,Mill_Residues,32.5,14.28
594,69,13,Other_Forest_Waste,40.0,3376.35
595,70,1,Corn_Stover,49.5,165951.52
596,70,2,Soybean_Straw,51.6,6919.3
597,70,3,Wheat_Straw,52.5,1314.22
598,70,4,Oats_Straw,52.2,82.82
599,70,7,Miscanthus,51.0,6514.12
600,70,9,Willow,33.0,10000.0
601,70,10,Logging_Residues,23.0,6974.78
602,70,13,Other_Forest_Waste,40.0,7519.6
603,71,1,Corn_Stover,49.5,236293.33
604,71,2,Soybean_Straw,51.6,15021.51
605,71,3,Wheat_Straw,52.5,7260.5
606,71,4,Oats_Straw,52.2,65.59
607,71,7,Miscanthus,51.0,12940.0
608,71,8,Poplar,33.0,743.64
609,71,9,Willow,33.0,3927.27
610,71,10,Logging_Residues,23.0,6512.7
611,71,11,SmallDiameter_Trees,33.0,3897.82
612,72,1,Corn_Stover,49.5,115690.91
613,72,2,Soybean_Straw,51.6,10008.49
614,72,3,Wheat_Straw,52.5,3236.73
615,72,4,Oats_Straw,52.2,140.97
616,72,5,Barley_Straw,52.8,55.23
617,72,7,Miscanthus,51.0,39445.88
618,72,8,Poplar,33.0,2787.27
619,72,9,Willow,33.0,10816.36
620,72,10,Logging_Residues,23.0,8102.26
621,72,11,SmallDiameter_Trees,33.0,84.73
622,72,12,Mill_Residues,32.5,14038.92
