"Program","Year","Period","Week Ending","Geo Level","State","State ANSI","Ag District","Ag District Code","County","County ANSI","Zip Code","Region","watershed_code","Watershed","Commodity","Data Item","Domain","Domain Category","Value","CV (%)"
"CENSUS","2022","YEAR","","COUNTY","WISCONSIN","55","CENTRAL","50","ADAMS","001","","","00000000","","SOYBEANS","SOYBEANS - PRODUCTION, MEASURED IN BU","TOTAL","NOT SPECIFIED","481,803","10.3"
"CENSUS","2022","YEAR","","COUNTY","WISCONSIN","55","CENTRAL","50","GREEN LAKE","047","","","00000000","","SOYBEANS","SOYBEANS - PRODUCTION, MEASURED IN BU","TOTAL","NOT SPECIFIED","993,694","10.3"
"CENSUS","2022","YEAR","","COUNTY","WISCONSIN","55","CENTRAL","50","JUNEAU","057","","","00000000","","SOYBEANS","SOYBEANS - PRODUCTION, MEASURED IN BU","TOTAL","NOT SPECIFIED","1,321,410","10.3"
"CENSUS","2022","YEAR","","COUNTY","WISCONSIN","55","CENTRAL","50","MARQUETTE","077","","","00000000","","SOYBEANS","SOYBEANS - PRODUCTION, MEASURED IN BU","TOTAL","NOT SPECIFIED","846,454","10.3"
"CENSUS","2022","YEAR","","COUNTY","WISCONSIN","55","CENTRAL","50","PORTAGE","097","","","00000000","","SOYBEANS","SOYBEANS - PRODUCTION, MEASURED IN BU","TOTAL","NOT SPECIFIED","993,693","10.3"
"CENSUS","2022","YEAR","","COUNTY","WISCONSIN","55","CENTRAL","50","WAUPACA","135","","","00000000","","SOYBEANS","SOYBEANS - PRODUCTION, MEASURED IN BU","TOTAL","NOT SPECIFIED","1,338,594","10.3"
"CENSUS","2022","YEAR","","COUNTY","WISCONSIN","55","CENTRAL","50","WAUSHARA","137","","","00000000","","SOYBEANS","SOYBEANS - PRODUCTION, MEASURED IN BU","TOTAL","NOT SPECIFIED","847,956","10.3"
"CENSUS","2022","YEAR","","COUNTY","WISCONSIN","55","CENTRAL","50","WOOD","141","","","00000000","","SOYBEANS","SOYBEANS - PRODUCTION, MEASURED IN BU","TOTAL","NOT SPECIFIED","1,226,524","10.3"
"CENSUS","2022","YEAR","","COUNTY","WISCONSIN","55","EAST CENTRAL","60","BROWN","009","","","00000000","","SOYBEANS","SOYBEANS - PRODUCTION, MEASURED IN BU","TOTAL","NOT SPECIFIED","1,193,134","10.3"
"CENSUS","2022","YEAR","","COUNTY","WISCONSIN","55","EAST CENTRAL","60","CALUMET","015","","","00000000","","SOYBEANS","SOYBEANS - PRODUCTION, MEASURED IN BU","TOTAL","NOT SPECIFIED","1,325,141","10.3"
"CENSUS","2022","YEAR","","COUNTY","WISCONSIN","55","EAST CENTRAL","60","DOOR","029","","","00000000","","SOYBEANS","SOYBEANS - PRODUCTION, MEASURED IN BU","TOTAL","NOT SPECIFIED","691,153","10.3"
"CENSUS","2022","YEAR","","COUNTY","WISCONSIN","55","EAST CENTRAL","60","FOND DU LAC","039","","","00000000","","SOYBEANS","SOYBEANS - PRODUCTION, MEASURED IN BU","TOTAL","NOT SPECIFIED","3,216,172","10.3"
"CENSUS","2022","YEAR","","COUNTY","WISCONSIN","55","EAST CENTRAL","60","KEWAUNEE","061","","","00000000","","SOYBEANS","SOYBEANS - PRODUCTION, MEASURED IN BU","TOTAL","NOT SPECIFIED","813,542","10.3"
"CENSUS","2022","YEAR","","COUNTY","WISCONSIN","55","EAST CENTRAL","60","MANITOWOC","071","","","00000000","","SOYBEANS","SOYBEANS - PRODUCTION, MEASURED IN BU","TOTAL","NOT SPECIFIED","1,581,635","10.3"
"CENSUS","2022","YEAR","","COUNTY","WISCONSIN","55","EAST CENTRAL","60","OUTAGAMIE","087","","","00000000","","SOYBEANS","SOYBEANS - PRODUCTION, MEASURED IN BU","TOTAL","NOT SPECIFIED","2,738,596","10.3"
"CENSUS","2022","YEAR","","COUNTY","WISCONSIN","55","EAST CENTRAL","60","SHEBOYGAN","117","","","00000000","","SOYBEANS","SOYBEANS - PRODUCTION, MEASURED IN BU","TOTAL","NOT SPECIFIED","1,973,807","10.3"
"CENSUS","2022","YEAR","","COUNTY","WISCONSIN","55","EAST CENTRAL","60","WINNEBAGO","139","","","00000000","","SOYBEANS","SOYBEANS - PRODUCTION, MEASURED IN BU","TOTAL","NOT SPECIFIED","1,840,866","10.3"
"CENSUS","2022","YEAR","","COUNTY","WISCONSIN","55","NORTH CENTRAL","20","ASHLAND","003","","","00000000","","SOYBEANS","SOYBEANS - PRODUCTION, MEASURED IN BU","TOTAL","NOT SPECIFIED","35,467","10.3"
"CENSUS","2022","YEAR","","COUNTY","WISCONSIN","55","NORTH CENTRAL","20","CLARK","019","","","00000000","","SOYBEANS","SOYBEANS - PRODUCTION, MEASURED IN BU","TOTAL","NOT SPECIFIED","2,760,257","10.3"
"CENSUS","2022","YEAR","","COUNTY","WISCONSIN","55","NORTH CENTRAL","20","IRON","051","","","00000000","","SOYBEANS","SOYBEANS - PRODUCTION, MEASURED IN BU","TOTAL","NOT SPECIFIED"," (D)","(D)"
"CENSUS","2022","YEAR","","COUNTY","WISCONSIN","55","NORTH CENTRAL","20","LINCOLN","069","","","00000000","","SOYBEANS","SOYBEANS - PRODUCTION, MEASURED IN BU","TOTAL","NOT SPECIFIED","285,259","10.3"
"CENSUS","2022","YEAR","","COUNTY","WISCONSIN","55","NORTH CENTRAL","20","MARATHON","073","","","00000000","","SOYBEANS","SOYBEANS - PRODUCTION, MEASURED IN BU","TOTAL","NOT SPECIFIED","3,116,210","10.3"
"CENSUS","2022","YEAR","","COUNTY","WISCONSIN","55","NORTH CENTRAL","20","ONEIDA","085","","","00000000","","SOYBEANS","SOYBEANS - PRODUCTION, MEASURED IN BU","TOTAL","NOT SPECIFIED","24,244","10.3"
"CENSUS","2022","YEAR","","COUNTY","WISCONSIN","55","NORTH CENTRAL","20","PRICE","099","","","00000000","","SOYBEANS","SOYBEANS - PRODUCTION, MEASURED IN BU","TOTAL","NOT SPECIFIED","29,587","10.3"
"CENSUS","2022","YEAR","","COUNTY","WISCONSIN","55","NORTH CENTRAL","20","TAYLOR","119","","","00000000","","SOYBEANS","SOYBEANS - PRODUCTION, MEASURED IN BU","TOTAL","NOT SPECIFIED","1,385,079","10.3"
"CENSUS","2022","YEAR","","COUNTY","WISCONSIN","55","NORTHEAST","30","FLORENCE","037","","","00000000","","SOYBEANS","SOYBEANS - PRODUCTION, MEASURED IN BU","TOTAL","NOT SPECIFIED"," (D)","(D)"
"CENSUS","2022","YEAR","","COUNTY","WISCONSIN","55","NORTHEAST","30","FOREST","041","","","00000000","","SOYBEANS","SOYBEANS - PRODUCTION, MEASURED IN BU","TOTAL","NOT SPECIFIED","11,750","10.3"
"CENSUS","2022","YEAR","","COUNTY","WISCONSIN","55","NORTHEAST","30","LANGLADE","067","","","00000000","","SOYBEANS","SOYBEANS - PRODUCTION, MEASURED IN BU","TOTAL","NOT SPECIFIED","189,720","10.3"
"CENSUS","2022","YEAR","","COUNTY","WISCONSIN","55","NORTHEAST","30","MARINETTE","075","","","00000000","","SOYBEANS","SOYBEANS - PRODUCTION, MEASURED IN BU","TOTAL","NOT SPECIFIED","498,448","10.3"
"CENSUS","2022","YEAR","","COUNTY","WISCONSIN","55","NORTHEAST","30","OCONTO","083","","","00000000","","SOYBEANS","SOYBEANS - PRODUCTION, MEASURED IN BU","TOTAL","NOT SPECIFIED","1,344,257","10.3"
"CENSUS","2022","YEAR","","COUNTY","WISCONSIN","55","NORTHEAST","30","SHAWANO","115","","","00000000","","SOYBEANS","SOYBEANS - PRODUCTION, MEASURED IN BU","TOTAL","NOT SPECIFIED","1,628,951","10.3"
"CENSUS","2022","YEAR","","COUNTY","WISCONSIN","55","NORTHWEST","10","BARRON","005","","","00000000","","SOYBEANS","SOYBEANS - PRODUCTION, MEASURED IN BU","TOTAL","NOT SPECIFIED","1,875,221","10.3"
"CENSUS","2022","YEAR","","COUNTY","WISCONSIN","55","NORTHWEST","10","BAYFIELD","007","","","00000000","","SOYBEANS","SOYBEANS - PRODUCTION, MEASURED IN BU","TOTAL","NOT SPECIFIED","69,592","10.3"
"CENSUS","2022","YEAR","","COUNTY","WISCONSIN","55","NORTHWEST","10","BURNETT","013","","","00000000","","SOYBEANS","SOYBEANS - PRODUCTION, MEASURED IN BU","TOTAL","NOT SPECIFIED","342,708","10.3"
"CENSUS","2022","YEAR","","COUNTY","WISCONSIN","55","NORTHWEST","10","CHIPPEWA","017","","","00000000","","SOYBEANS","SOYBEANS - PRODUCTION, MEASURED IN BU","TOTAL","NOT SPECIFIED","2,444,347","10.3"
"CENSUS","2022","YEAR","","COUNTY","WISCONSIN","55","NORTHWEST","10","DOUGLAS","031","","","00000000","","SOYBEANS","SOYBEANS - PRODUCTION, MEASURED IN BU","TOTAL","NOT SPECIFIED"," (D)","(D)"
"CENSUS","2022","YEAR","","COUNTY","WISCONSIN","55","NORTHWEST","10","POLK","095","","","00000000","","SOYBEANS","SOYBEANS - PRODUCTION, MEASURED IN BU","TOTAL","NOT SPECIFIED","1,501,603","10.3"
"CENSUS","2022","YEAR","","COUNTY","WISCONSIN","55","NORTHWEST","10","RUSK","107","","","00000000","","SOYBEANS","SOYBEANS - PRODUCTION, MEASURED IN BU","TOTAL","NOT SPECIFIED","542,936","10.3"
"CENSUS","2022","YEAR","","COUNTY","WISCONSIN","55","NORTHWEST","10","SAWYER","113","","","00000000","","SOYBEANS","SOYBEANS - PRODUCTION, MEASURED IN BU","TOTAL","NOT SPECIFIED","70,508","10.3"
"CENSUS","2022","YEAR","","COUNTY","WISCONSIN","55","NORTHWEST","10","WASHBURN","129","","","00000000","","SOYBEANS","SOYBEANS - PRODUCTION, MEASURED IN BU","TOTAL","NOT SPECIFIED","335,677","10.3"
"CENSUS","2022","YEAR","","COUNTY","WISCONSIN","55","SOUTH CENTRAL","80","COLUMBIA","021","","","00000000","","SOYBEANS","SOYBEANS - PRODUCTION, MEASURED IN BU","TOTAL","NOT SPECIFIED","3,005,040","10.3"
"CENSUS","2022","YEAR","","COUNTY","WISCONSIN","55","SOUTH CENTRAL","80","DANE","025","","","00000000","","SOYBEANS","SOYBEANS - PRODUCTION, MEASURED IN BU","TOTAL","NOT SPECIFIED","5,174,756","10.3"
"CENSUS","2022","YEAR","","COUNTY","WISCONSIN","55","SOUTH CENTRAL","80","DODGE","027","","","00000000","","SOYBEANS","SOYBEANS - PRODUCTION, MEASURED IN BU","TOTAL","NOT SPECIFIED","5,037,034","10.3"
"CENSUS","2022","YEAR","","COUNTY","WISCONSIN","55","SOUTH CENTRAL","80","GREEN","045","","","00000000","","SOYBEANS","SOYBEANS - PRODUCTION, MEASURED IN BU","TOTAL","NOT SPECIFIED","3,641,748","10.3"
"CENSUS","2022","YEAR","","COUNTY","WISCONSIN","55","SOUTH CENTRAL","80","JEFFERSON","055","","","00000000","","SOYBEANS","SOYBEANS - PRODUCTION, MEASURED IN BU","TOTAL","NOT SPECIFIED","2,454,281","10.3"
"CENSUS","2022","YEAR","","COUNTY","WISCONSIN","55","SOUTH CENTRAL","80","ROCK","105","","","00000000","","SOYBEANS","SOYBEANS - PRODUCTION, MEASURED IN BU","TOTAL","NOT SPECIFIED","5,086,921","10.3"
"CENSUS","2022","YEAR","","COUNTY","WISCONSIN","55","SOUTHEAST","90","KENOSHA","059","","","00000000","","SOYBEANS","SOYBEANS - PRODUCTION, MEASURED IN BU","TOTAL","NOT SPECIFIED","959,816","10.3"
"CENSUS","2022","YEAR","","COUNTY","WISCONSIN","55","SOUTHEAST","90","MILWAUKEE","079","","","00000000","","SOYBEANS","SOYBEANS - PRODUCTION, MEASURED IN BU","TOTAL","NOT SPECIFIED","74,492","10.3"
"CENSUS","2022","YEAR","","COUNTY","WISCONSIN","55","SOUTHEAST","90","OZAUKEE","089","","","00000000","","SOYBEANS","SOYBEANS - PRODUCTION, MEASURED IN BU","TOTAL","NOT SPECIFIED","545,239","10.3"
"CENSUS","2022","YEAR","","COUNTY","WISCONSIN","55","SOUTHEAST","90","RACINE","101","","","00000000","","SOYBEANS","SOYBEANS - PRODUCTION, MEASURED IN BU","TOTAL","NOT SPECIFIED","1,709,283","10.3"
"CENSUS","2022","YEAR","","COUNTY","WISCONSIN","55","SOUTHEAST","90","WALWORTH","127","","","00000000","","SOYBEANS","SOYBEANS - PRODUCTION, MEASURED IN BU","TOTAL","NOT SPECIFIED","2,279,437","10.3"
"CENSUS","2022","YEAR","","COUNTY","WISCONSIN","55","SOUTHEAST","90","WASHINGTON","131","","","00000000","","SOYBEANS","SOYBEANS - PRODUCTION, MEASURED IN BU","TOTAL","NOT SPECIFIED","1,201,393","10.3"
"CENSUS","2022","YEAR","","COUNTY","WISCONSIN","55","SOUTHEAST","90","WAUKESHA","133","","","00000000","","SOYBEANS","SOYBEANS - PRODUCTION, MEASURED IN BU","TOTAL","NOT SPECIFIED","834,270","10.3"
"CENSUS","2022","YEAR","","COUNTY","WISCONSIN","55","SOUTHWEST","70","CRAWFORD","023","","","00000000","","SOYBEANS","SOYBEANS - PRODUCTION, MEASURED IN BU","TOTAL","NOT SPECIFIED","884,971","10.3"
"CENSUS","2022","YEAR","","COUNTY","WISCONSIN","55","SOUTHWEST","70","GRANT","043","","","00000000","","SOYBEANS","SOYBEANS - PRODUCTION, MEASURED IN BU","TOTAL","NOT SPECIFIED","5,140,589","10.3"
"CENSUS","2022","YEAR","","COUNTY","WISCONSIN","55","SOUTHWEST","70","IOWA","049","","","00000000","","SOYBEANS","SOYBEANS - PRODUCTION, MEASURED IN BU","TOTAL","NOT SPECIFIED","2,685,193","10.3"
"CENSUS","2022","YEAR","","COUNTY","WISCONSIN","55","SOUTHWEST","70","LAFAYETTE","065","","","00000000","","SOYBEANS","SOYBEANS - PRODUCTION, MEASURED IN BU","TOTAL","NOT SPECIFIED","4,096,253","10.3"
"CENSUS","2022","YEAR","","COUNTY","WISCONSIN","55","SOUTHWEST","70","RICHLAND","103","","","00000000","","SOYBEANS","SOYBEANS - PRODUCTION, MEASURED IN BU","TOTAL","NOT SPECIFIED","892,685","10.3"
"CENSUS","2022","YEAR","","COUNTY","WISCONSIN","55","SOUTHWEST","70","SAUK","111","","","00000000","","SOYBEANS","SOYBEANS - PRODUCTION, MEASURED IN BU","TOTAL","NOT SPECIFIED","2,282,623","10.3"
"CENSUS","2022","YEAR","","COUNTY","WISCONSIN","55","SOUTHWEST","70","VERNON","123","","","00000000","","SOYBEANS","SOYBEANS - PRODUCTION, MEASURED IN BU","TOTAL","NOT SPECIFIED","1,935,757","10.3"
"CENSUS","2022","YEAR","","COUNTY","WISCONSIN","55","WEST CENTRAL","40","BUFFALO","011","","","00000000","","SOYBEANS","SOYBEANS - PRODUCTION, MEASURED IN BU","TOTAL","NOT SPECIFIED","1,759,389","10.3"
"CENSUS","2022","YEAR","","COUNTY","WISCONSIN","55","WEST CENTRAL","40","DUNN","033","","","00000000","","SOYBEANS","SOYBEANS - PRODUCTION, MEASURED IN BU","TOTAL","NOT SPECIFIED","3,384,240","10.3"
"CENSUS","2022","YEAR","","COUNTY","WISCONSIN","55","WEST CENTRAL","40","EAU CLAIRE","035","","","00000000","","SOYBEANS","SOYBEANS - PRODUCTION, MEASURED IN BU","TOTAL","NOT SPECIFIED","1,073,107","10.3"
"CENSUS","2022","YEAR","","COUNTY","WISCONSIN","55","WEST CENTRAL","40","JACKSON","053","","","00000000","","SOYBEANS","SOYBEANS - PRODUCTION, MEASURED IN BU","TOTAL","NOT SPECIFIED","1,363,209","10.3"
"CENSUS","2022","YEAR","","COUNTY","WISCONSIN","55","WEST CENTRAL","40","LA CROSSE","063","","","00000000","","SOYBEANS","SOYBEANS - PRODUCTION, MEASURED IN BU","TOTAL","NOT SPECIFIED","1,041,033","10.3"
"CENSUS","2022","YEAR","","COUNTY","WISCONSIN","55","WEST CENTRAL","40","MONROE","081","","","00000000","","SOYBEANS","SOYBEANS - PRODUCTION, MEASURED IN BU","TOTAL","NOT SPECIFIED","1,124,226","10.3"
"CENSUS","2022","YEAR","","COUNTY","WISCONSIN","55","WEST CENTRAL","40","PEPIN","091","","","00000000","","SOYBEANS","SOYBEANS - PRODUCTION, MEASURED IN BU","TOTAL","NOT SPECIFIED","839,271","10.3"
"CENSUS","2022","YEAR","","COUNTY","WISCONSIN","55","WEST CENTRAL","40","PIERCE","093","","","00000000","","SOYBEANS","SOYBEANS - PRODUCTION, MEASURED IN BU","TOTAL","NOT SPECIFIED","2,045,139","10.3"
"CENSUS","2022","YEAR","","COUNTY","WISCONSIN","55","WEST CENTRAL","40","ST CROIX","109","","","00000000","","SOYBEANS","SOYBEANS - PRODUCTION, MEASURED IN BU","TOTAL","NOT SPECIFIED","2,697,692","10.3"
"CENSUS","2022","YEAR","","COUNTY","WISCONSIN","55","WEST CENTRAL","40","TREMPEALEAU","121","","","00000000","","SOYBEANS","SOYBEANS - PRODUCTION, MEASURED IN BU","TOTAL","NOT SPECIFIED","2,040,607","10.3"
"SURVEY","2022","YEAR","","COUNTY","WISCONSIN","55","","99","OTHER COUNTIES","","","","00000000","","SOYBEANS","SOYBEANS - PRODUCTION, MEASURED IN BU","TOTAL","NOT SPECIFIED","1,960,500","3.5"
"SURVEY","2022","YEAR","","COUNTY","WISCONSIN","55","CENTRAL","50","ADAMS","001","","","00000000","","SOYBEANS","SOYBEANS - PRODUCTION, MEASURED IN BU","TOTAL","NOT SPECIFIED","697,000","2.9"
"SURVEY","2022","YEAR","","COUNTY","WISCONSIN","55","CENTRAL","50","GREEN LAKE","047","","","00000000","","SOYBEANS","SOYBEANS - PRODUCTION, MEASURED IN BU","TOTAL","NOT SPECIFIED","1,046,000","3.4"
"SURVEY","2022","YEAR","","COUNTY","WISCONSIN","55","CENTRAL","50","JUNEAU","057","","","00000000","","SOYBEANS","SOYBEANS - PRODUCTION, MEASURED IN BU","TOTAL","NOT SPECIFIED","1,376,000","4.4"
"SURVEY","2022","YEAR","","COUNTY","WISCONSIN","55","CENTRAL","50","MARQUETTE","077","","","00000000","","SOYBEANS","SOYBEANS - PRODUCTION, MEASURED IN BU","TOTAL","NOT SPECIFIED","801,000","6.0"
"SURVEY","2022","YEAR","","COUNTY","WISCONSIN","55","CENTRAL","50","PORTAGE","097","","","00000000","","SOYBEANS","SOYBEANS - PRODUCTION, MEASURED IN BU","TOTAL","NOT SPECIFIED","860,000","8.1"
"SURVEY","2022","YEAR","","COUNTY","WISCONSIN","55","CENTRAL","50","WAUPACA","135","","","00000000","","SOYBEANS","SOYBEANS - PRODUCTION, MEASURED IN BU","TOTAL","NOT SPECIFIED","1,461,000","5.2"
"SURVEY","2022","YEAR","","COUNTY","WISCONSIN","55","CENTRAL","50","WOOD","141","","","00000000","","SOYBEANS","SOYBEANS - PRODUCTION, MEASURED IN BU","TOTAL","NOT SPECIFIED","1,104,000","4.0"
"SURVEY","2022","YEAR","","COUNTY","WISCONSIN","55","EAST CENTRAL","60","BROWN","009","","","00000000","","SOYBEANS","SOYBEANS - PRODUCTION, MEASURED IN BU","TOTAL","NOT SPECIFIED","1,053,000","4.4"
"SURVEY","2022","YEAR","","COUNTY","WISCONSIN","55","EAST CENTRAL","60","CALUMET","015","","","00000000","","SOYBEANS","SOYBEANS - PRODUCTION, MEASURED IN BU","TOTAL","NOT SPECIFIED","1,588,000","2.5"
"SURVEY","2022","YEAR","","COUNTY","WISCONSIN","55","EAST CENTRAL","60","DOOR","029","","","00000000","","SOYBEANS","SOYBEANS - PRODUCTION, MEASURED IN BU","TOTAL","NOT SPECIFIED","815,000","7.2"
"SURVEY","2022","YEAR","","COUNTY","WISCONSIN","55","EAST CENTRAL","60","FOND DU LAC","039","","","00000000","","SOYBEANS","SOYBEANS - PRODUCTION, MEASURED IN BU","TOTAL","NOT SPECIFIED","3,044,000","2.7"
"SURVEY","2022","YEAR","","COUNTY","WISCONSIN","55","EAST CENTRAL","60","KEWAUNEE","061","","","00000000","","SOYBEANS","SOYBEANS - PRODUCTION, MEASURED IN BU","TOTAL","NOT SPECIFIED","700,000","6.1"
"SURVEY","2022","YEAR","","COUNTY","WISCONSIN","55","EAST CENTRAL","60","MANITOWOC","071","","","00000000","","SOYBEANS","SOYBEANS - PRODUCTION, MEASURED IN BU","TOTAL","NOT SPECIFIED","1,642,000","1.5"
"SURVEY","2022","YEAR","","COUNTY","WISCONSIN","55","EAST CENTRAL","60","OUTAGAMIE","087","","","00000000","","SOYBEANS","SOYBEANS - PRODUCTION, MEASURED IN BU","TOTAL","NOT SPECIFIED","2,632,000","3.7"
"SURVEY","2022","YEAR","","COUNTY","WISCONSIN","55","EAST CENTRAL","60","SHEBOYGAN","117","","","00000000","","SOYBEANS","SOYBEANS - PRODUCTION, MEASURED IN BU","TOTAL","NOT SPECIFIED","1,785,000","3.4"
"SURVEY","2022","YEAR","","COUNTY","WISCONSIN","55","EAST CENTRAL","60","WINNEBAGO","139","","","00000000","","SOYBEANS","SOYBEANS - PRODUCTION, MEASURED IN BU","TOTAL","NOT SPECIFIED","2,035,000","3.6"
"SURVEY","2022","YEAR","","COUNTY","WISCONSIN","55","NORTH CENTRAL","20","CLARK","019","","","00000000","","SOYBEANS","SOYBEANS - PRODUCTION, MEASURED IN BU","TOTAL","NOT SPECIFIED","2,440,000","3.3"
"SURVEY","2022","YEAR","","COUNTY","WISCONSIN","55","NORTH CENTRAL","20","LINCOLN","069","","","00000000","","SOYBEANS","SOYBEANS - PRODUCTION, MEASURED IN BU","TOTAL","NOT SPECIFIED","244,000","4.3"
"SURVEY","2022","YEAR","","COUNTY","WISCONSIN","55","NORTH CENTRAL","20","MARATHON","073","","","00000000","","SOYBEANS","SOYBEANS - PRODUCTION, MEASURED IN BU","TOTAL","NOT SPECIFIED","2,750,000","4.4"
"SURVEY","2022","YEAR","","COUNTY","WISCONSIN","55","NORTH CENTRAL","20","PRICE","099","","","00000000","","SOYBEANS","SOYBEANS - PRODUCTION, MEASURED IN BU","TOTAL","NOT SPECIFIED","36,600","6.2"
"SURVEY","2022","YEAR","","COUNTY","WISCONSIN","55","NORTH CENTRAL","20","TAYLOR","119","","","00000000","","SOYBEANS","SOYBEANS - PRODUCTION, MEASURED IN BU","TOTAL","NOT SPECIFIED","1,139,000","6.5"
"SURVEY","2022","YEAR","","COUNTY","WISCONSIN","55","NORTHEAST","30","FOREST","041","","","00000000","","SOYBEANS","SOYBEANS - PRODUCTION, MEASURED IN BU","TOTAL","NOT SPECIFIED","12,900","13.1"
"SURVEY","2022","YEAR","","COUNTY","WISCONSIN","55","NORTHEAST","30","LANGLADE","067","","","00000000","","SOYBEANS","SOYBEANS - PRODUCTION, MEASURED IN BU","TOTAL","NOT SPECIFIED","194,000","4.7"
"SURVEY","2022","YEAR","","COUNTY","WISCONSIN","55","NORTHEAST","30","MARINETTE","075","","","00000000","","SOYBEANS","SOYBEANS - PRODUCTION, MEASURED IN BU","TOTAL","NOT SPECIFIED","364,000","6.9"
"SURVEY","2022","YEAR","","COUNTY","WISCONSIN","55","NORTHEAST","30","OCONTO","083","","","00000000","","SOYBEANS","SOYBEANS - PRODUCTION, MEASURED IN BU","TOTAL","NOT SPECIFIED","1,327,000","2.3"
"SURVEY","2022","YEAR","","COUNTY","WISCONSIN","55","NORTHEAST","30","SHAWANO","115","","","00000000","","SOYBEANS","SOYBEANS - PRODUCTION, MEASURED IN BU","TOTAL","NOT SPECIFIED","1,548,000","4.9"
"SURVEY","2022","YEAR","","COUNTY","WISCONSIN","55","NORTHWEST","10","BARRON","005","","","00000000","","SOYBEANS","SOYBEANS - PRODUCTION, MEASURED IN BU","TOTAL","NOT SPECIFIED","2,341,000","3.8"
"SURVEY","2022","YEAR","","COUNTY","WISCONSIN","55","NORTHWEST","10","BAYFIELD","007","","","00000000","","SOYBEANS","SOYBEANS - PRODUCTION, MEASURED IN BU","TOTAL","NOT SPECIFIED","39,000","13.5"
"SURVEY","2022","YEAR","","COUNTY","WISCONSIN","55","NORTHWEST","10","BURNETT","013","","","00000000","","SOYBEANS","SOYBEANS - PRODUCTION, MEASURED IN BU","TOTAL","NOT SPECIFIED","347,000","8.7"
"SURVEY","2022","YEAR","","COUNTY","WISCONSIN","55","NORTHWEST","10","CHIPPEWA","017","","","00000000","","SOYBEANS","SOYBEANS - PRODUCTION, MEASURED IN BU","TOTAL","NOT SPECIFIED","2,675,000","3.4"
"SURVEY","2022","YEAR","","COUNTY","WISCONSIN","55","NORTHWEST","10","POLK","095","","","00000000","","SOYBEANS","SOYBEANS - PRODUCTION, MEASURED IN BU","TOTAL","NOT SPECIFIED","1,723,000","3.7"
"SURVEY","2022","YEAR","","COUNTY","WISCONSIN","55","NORTHWEST","10","RUSK","107","","","00000000","","SOYBEANS","SOYBEANS - PRODUCTION, MEASURED IN BU","TOTAL","NOT SPECIFIED","667,000","2.6"
"SURVEY","2022","YEAR","","COUNTY","WISCONSIN","55","NORTHWEST","10","SAWYER","113","","","00000000","","SOYBEANS","SOYBEANS - PRODUCTION, MEASURED IN BU","TOTAL","NOT SPECIFIED","116,000","4.9"
"SURVEY","2022","YEAR","","COUNTY","WISCONSIN","55","NORTHWEST","10","WASHBURN","129","","","00000000","","SOYBEANS","SOYBEANS - PRODUCTION, MEASURED IN BU","TOTAL","NOT SPECIFIED","294,000","5.7"
"SURVEY","2022","YEAR","","COUNTY","WISCONSIN","55","SOUTH CENTRAL","80","COLUMBIA","021","","","00000000","","SOYBEANS","SOYBEANS - PRODUCTION, MEASURED IN BU","TOTAL","NOT SPECIFIED","3,230,000","2.7"
"SURVEY","2022","YEAR","","COUNTY","WISCONSIN","55","SOUTH CENTRAL","80","DANE","025","","","00000000","","SOYBEANS","SOYBEANS - PRODUCTION, MEASURED IN BU","TOTAL","NOT SPECIFIED","5,258,000","2.3"
"SURVEY","2022","YEAR","","COUNTY","WISCONSIN","55","SOUTH CENTRAL","80","DODGE","027","","","00000000","","SOYBEANS","SOYBEANS - PRODUCTION, MEASURED IN BU","TOTAL","NOT SPECIFIED","5,361,000","1.9"
"SURVEY","2022","YEAR","","COUNTY","WISCONSIN","55","SOUTH CENTRAL","80","GREEN","045","","","00000000","","SOYBEANS","SOYBEANS - PRODUCTION, MEASURED IN BU","TOTAL","NOT SPECIFIED","4,303,000","2.3"
"SURVEY","2022","YEAR","","COUNTY","WISCONSIN","55","SOUTH CENTRAL","80","JEFFERSON","055","","","00000000","","SOYBEANS","SOYBEANS - PRODUCTION, MEASURED IN BU","TOTAL","NOT SPECIFIED","3,076,000","2.5"
"SURVEY","2022","YEAR","","COUNTY","WISCONSIN","55","SOUTH CENTRAL","80","ROCK","105","","","00000000","","SOYBEANS","SOYBEANS - PRODUCTION, MEASURED IN BU","TOTAL","NOT SPECIFIED","5,953,000","2.9"
"SURVEY","2022","YEAR","","COUNTY","WISCONSIN","55","SOUTHEAST","90","KENOSHA","059","","","00000000","","SOYBEANS","SOYBEANS - PRODUCTION, MEASURED IN BU","TOTAL","NOT SPECIFIED","1,257,000","2.7"
"SURVEY","2022","YEAR","","COUNTY","WISCONSIN","55","SOUTHEAST","90","MILWAUKEE","079","","","00000000","","SOYBEANS","SOYBEANS - PRODUCTION, MEASURED IN BU","TOTAL","NOT SPECIFIED","130,000","8.1"
"SURVEY","2022","YEAR","","COUNTY","WISCONSIN","55","SOUTHEAST","90","OZAUKEE","089","","","00000000","","SOYBEANS","SOYBEANS - PRODUCTION, MEASURED IN BU","TOTAL","NOT SPECIFIED","742,000","3.4"
"SURVEY","2022","YEAR","","COUNTY","WISCONSIN","55","SOUTHEAST","90","RACINE","101","","","00000000","","SOYBEANS","SOYBEANS - PRODUCTION, MEASURED IN BU","TOTAL","NOT SPECIFIED","1,780,000","3.7"
"SURVEY","2022","YEAR","","COUNTY","WISCONSIN","55","SOUTHEAST","90","WALWORTH","127","","","00000000","","SOYBEANS","SOYBEANS - PRODUCTION, MEASURED IN BU","TOTAL","NOT SPECIFIED","3,462,000","3.4"
"SURVEY","2022","YEAR","","COUNTY","WISCONSIN","55","SOUTHEAST","90","WASHINGTON","131","","","00000000","","SOYBEANS","SOYBEANS - PRODUCTION, MEASURED IN BU","TOTAL","NOT SPECIFIED","1,157,000","3.9"
"SURVEY","2022","YEAR","","COUNTY","WISCONSIN","55","SOUTHEAST","90","WAUKESHA","133","","","00000000","","SOYBEANS","SOYBEANS - PRODUCTION, MEASURED IN BU","TOTAL","NOT SPECIFIED","880,000","2.6"
"SURVEY","2022","YEAR","","COUNTY","WISCONSIN","55","SOUTHWEST","70","CRAWFORD","023","","","00000000","","SOYBEANS","SOYBEANS - PRODUCTION, MEASURED IN BU","TOTAL","NOT SPECIFIED","1,224,000","3.3"
"SURVEY","2022","YEAR","","COUNTY","WISCONSIN","55","SOUTHWEST","70","GRANT","043","","","00000000","","SOYBEANS","SOYBEANS - PRODUCTION, MEASURED IN BU","TOTAL","NOT SPECIFIED","5,242,000","2.8"
"SURVEY","2022","YEAR","","COUNTY","WISCONSIN","55","SOUTHWEST","70","IOWA","049","","","00000000","","SOYBEANS","SOYBEANS - PRODUCTION, MEASURED IN BU","TOTAL","NOT SPECIFIED","2,998,000","3.2"
"SURVEY","2022","YEAR","","COUNTY","WISCONSIN","55","SOUTHWEST","70","LAFAYETTE","065","","","00000000","","SOYBEANS","SOYBEANS - PRODUCTION, MEASURED IN BU","TOTAL","NOT SPECIFIED","4,428,000","2.2"
"SURVEY","2022","YEAR","","COUNTY","WISCONSIN","55","SOUTHWEST","70","SAUK","111","","","00000000","","SOYBEANS","SOYBEANS - PRODUCTION, MEASURED IN BU","TOTAL","NOT SPECIFIED","2,303,000","2.9"
"SURVEY","2022","YEAR","","COUNTY","WISCONSIN","55","SOUTHWEST","70","VERNON","123","","","00000000","","SOYBEANS","SOYBEANS - PRODUCTION, MEASURED IN BU","TOTAL","NOT SPECIFIED","1,788,000","4.6"
"SURVEY","2022","YEAR","","COUNTY","WISCONSIN","55","WEST CENTRAL","40","BUFFALO","011","","","00000000","","SOYBEANS","SOYBEANS - PRODUCTION, MEASURED IN BU","TOTAL","NOT SPECIFIED","1,607,000","4.8"
"SURVEY","2022","YEAR","","COUNTY","WISCONSIN","55","WEST CENTRAL","40","DUNN","033","","","00000000","","SOYBEANS","SOYBEANS - PRODUCTION, MEASURED IN BU","TOTAL","NOT SPECIFIED","3,028,000","6.2"
"SURVEY","2022","YEAR","","COUNTY","WISCONSIN","55","WEST CENTRAL","40","EAU CLAIRE","035","","","00000000","","SOYBEANS","SOYBEANS - PRODUCTION, MEASURED IN BU","TOTAL","NOT SPECIFIED","1,322,000","8.1"
"SURVEY","2022","YEAR","","COUNTY","WISCONSIN","55","WEST CENTRAL","40","JACKSON","053","","","00000000","","SOYBEANS","SOYBEANS - PRODUCTION, MEASURED IN BU","TOTAL","NOT SPECIFIED","1,517,000","4.6"
"SURVEY","2022","YEAR","","COUNTY","WISCONSIN","55","WEST CENTRAL","40","LA CROSSE","063","","","00000000","","SOYBEANS","SOYBEANS - PRODUCTION, MEASURED IN BU","TOTAL","NOT SPECIFIED","1,008,000","4.3"
"SURVEY","2022","YEAR","","COUNTY","WISCONSIN","55","WEST CENTRAL","40","MONROE","081","","","00000000","","SOYBEANS","SOYBEANS - PRODUCTION, MEASURED IN BU","TOTAL","NOT SPECIFIED","1,455,000","4.6"
"SURVEY","2022","YEAR","","COUNTY","WISCONSIN","55","WEST CENTRAL","40","PEPIN","091","","","00000000","","SOYBEANS","SOYBEANS - PRODUCTION, MEASURED IN BU","TOTAL","NOT SPECIFIED","974,000","3.7"
"SURVEY","2022","YEAR","","COUNTY","WISCONSIN","55","WEST CENTRAL","40","PIERCE","093","","","00000000","","SOYBEANS","SOYBEANS - PRODUCTION, MEASURED IN BU","TOTAL","NOT SPECIFIED","2,676,000","3.2"
"SURVEY","2022","YEAR","","COUNTY","WISCONSIN","55","WEST CENTRAL","40","ST CROIX","109","","","00000000","","SOYBEANS","SOYBEANS - PRODUCTION, MEASURED IN BU","TOTAL","NOT SPECIFIED","2,876,000","3.5"
"SURVEY","2022","YEAR","","COUNTY","WISCONSIN","55","WEST CENTRAL","40","TREMPEALEAU","121","","","00000000","","SOYBEANS","SOYBEANS - PRODUCTION, MEASURED IN BU","TOTAL","NOT SPECIFIED","2,208,000","5.0"
