tp_id,node,indicator,unused,tech_type
1,1,1,0,1
2,1,1,0,2
3,1,1,0,3
4,1,1,0,4
5,1,1,0,5
6,1,1,0,6
7,1,1,0,7
8,1,1,0,8
9,1,1,0,9
10,1,1,0,10
11,1,1,0,11
12,1,1,0,12
13,1,1,0,13
14,1,1,0,14
15,1,1,0,15
16,1,1,0,16
17,1,1,0,17
18,1,1,0,18
19,1,1,0,19
20,1,1,0,20
21,1,1,0,21
22,1,1,0,22
23,1,1,0,23
24,1,1,0,24
25,1,1,0,25
26,1,1,0,26
27,1,1,0,27
28,1,1,0,28
29,1,1,0,29
30,1,1,0,30
31,1,1,0,31
32,1,1,0,32
33,1,1,0,33
34,1,1,0,34
35,1,1,0,35
36,1,1,0,36
37,1,1,0,37
38,1,1,0,38
39,1,1,0,39
40,2,1,0,1
41,2,1,0,2
42,2,1,0,3
43,2,1,0,4
44,2,1,0,5
45,2,1,0,6
46,2,1,0,7
47,2,1,0,8
48,2,1,0,9
49,2,1,0,10
50,2,1,0,11
51,2,1,0,12
52,2,1,0,13
53,2,1,0,14
54,2,1,0,15
55,2,1,0,16
56,2,1,0,17
57,2,1,0,18
58,2,1,0,19
59,2,1,0,20
60,2,1,0,21
61,2,1,0,22
62,2,1,0,23
63,2,1,0,24
64,2,1,0,25
65,2,1,0,26
66,2,1,0,27
67,2,1,0,28
68,2,1,0,29
69,2,1,0,30
70,2,1,0,31
71,2,1,0,32
72,2,1,0,33
73,2,1,0,34
74,2,1,0,35
75,2,1,0,36
76,2,1,0,37
77,2,1,0,38
78,2,1,0,39
79,3,1,0,1
80,3,1,0,2
81,3,1,0,3
82,3,1,0,4
83,3,1,0,5
84,3,1,0,6
85,3,1,0,7
86,3,1,0,8
87,3,1,0,9
88,3,1,0,10
89,3,1,0,11
90,3,1,0,12
91,3,1,0,13
92,3,1,0,14
93,3,1,0,15
94,3,1,0,16
95,3,1,0,17
96,3,1,0,18
97,3,1,0,19
98,3,1,0,20
99,3,1,0,21
100,3,1,0,22
101,3,1,0,23
102,3,1,0,24
103,3,1,0,25
104,3,1,0,26
105,3,1,0,27
106,3,1,0,28
107,3,1,0,29
108,3,1,0,30
109,3,1,0,31
110,3,1,0,32
111,3,1,0,33
112,3,1,0,34
113,3,1,0,35
114,3,1,0,36
115,3,1,0,37
116,3,1,0,38
117,3,1,0,39
118,4,1,0,1
119,4,1,0,2
120,4,1,0,3
121,4,1,0,4
122,4,1,0,5
123,4,1,0,6
124,4,1,0,7
125,4,1,0,8
126,4,1,0,9
127,4,1,0,10
128,4,1,0,11
129,4,1,0,12
130,4,1,0,13
131,4,1,0,14
132,4,1,0,15
133,4,1,0,16
134,4,1,0,17
135,4,1,0,18
136,4,1,0,19
137,4,1,0,20
138,4,1,0,21
139,4,1,0,22
140,4,1,0,23
141,4,1,0,24
142,4,1,0,25
143,4,1,0,26
144,4,1,0,27
145,4,1,0,28
146,4,1,0,29
147,4,1,0,30
148,4,1,0,31
149,4,1,0,32
150,4,1,0,33
151,4,1,0,34
152,4,1,0,35
153,4,1,0,36
154,4,1,0,37
155,4,1,0,38
156,4,1,0,39
157,5,1,0,1
158,5,1,0,2
159,5,1,0,3
160,5,1,0,4
161,5,1,0,5
162,5,1,0,6
163,5,1,0,7
164,5,1,0,8
165,5,1,0,9
166,5,1,0,10
167,5,1,0,11
168,5,1,0,12
169,5,1,0,13
170,5,1,0,14
171,5,1,0,15
172,5,1,0,16
173,5,1,0,17
174,5,1,0,18
175,5,1,0,19
176,5,1,0,20
177,5,1,0,21
178,5,1,0,22
179,5,1,0,23
180,5,1,0,24
181,5,1,0,25
182,5,1,0,26
183,5,1,0,27
184,5,1,0,28
185,5,1,0,29
186,5,1,0,30
187,5,1,0,31
188,5,1,0,32
189,5,1,0,33
190,5,1,0,34
191,5,1,0,35
192,5,1,0,36
193,5,1,0,37
194,5,1,0,38
195,5,1,0,39
196,6,1,0,1
197,6,1,0,2
198,6,1,0,3
199,6,1,0,4
200,6,1,0,5
201,6,1,0,6
202,6,1,0,7
203,6,1,0,8
204,6,1,0,9
205,6,1,0,10
206,6,1,0,11
207,6,1,0,12
208,6,1,0,13
209,6,1,0,14
210,6,1,0,15
211,6,1,0,16
212,6,1,0,17
213,6,1,0,18
214,6,1,0,19
215,6,1,0,20
216,6,1,0,21
217,6,1,0,22
218,6,1,0,23
219,6,1,0,24
220,6,1,0,25
221,6,1,0,26
222,6,1,0,27
223,6,1,0,28
224,6,1,0,29
225,6,1,0,30
226,6,1,0,31
227,6,1,0,32
228,6,1,0,33
229,6,1,0,34
230,6,1,0,35
231,6,1,0,36
232,6,1,0,37
233,6,1,0,38
234,6,1,0,39
235,7,1,0,1
236,7,1,0,2
237,7,1,0,3
238,7,1,0,4
239,7,1,0,5
240,7,1,0,6
241,7,1,0,7
242,7,1,0,8
243,7,1,0,9
244,7,1,0,10
245,7,1,0,11
246,7,1,0,12
247,7,1,0,13
248,7,1,0,14
249,7,1,0,15
250,7,1,0,16
251,7,1,0,17
252,7,1,0,18
253,7,1,0,19
254,7,1,0,20
255,7,1,0,21
256,7,1,0,22
257,7,1,0,23
258,7,1,0,24
259,7,1,0,25
260,7,1,0,26
261,7,1,0,27
262,7,1,0,28
263,7,1,0,29
264,7,1,0,30
265,7,1,0,31
266,7,1,0,32
267,7,1,0,33
268,7,1,0,34
269,7,1,0,35
270,7,1,0,36
271,7,1,0,37
272,7,1,0,38
273,7,1,0,39
274,8,1,0,1
275,8,1,0,2
276,8,1,0,3
277,8,1,0,4
278,8,1,0,5
279,8,1,0,6
280,8,1,0,7
281,8,1,0,8
282,8,1,0,9
283,8,1,0,10
284,8,1,0,11
285,8,1,0,12
286,8,1,0,13
287,8,1,0,14
288,8,1,0,15
289,8,1,0,16
290,8,1,0,17
291,8,1,0,18
292,8,1,0,19
293,8,1,0,20
294,8,1,0,21
295,8,1,0,22
296,8,1,0,23
297,8,1,0,24
298,8,1,0,25
299,8,1,0,26
300,8,1,0,27
301,8,1,0,28
302,8,1,0,29
303,8,1,0,30
304,8,1,0,31
305,8,1,0,32
306,8,1,0,33
307,8,1,0,34
308,8,1,0,35
309,8,1,0,36
310,8,1,0,37
311,8,1,0,38
312,8,1,0,39
313,9,1,0,1
314,9,1,0,2
315,9,1,0,3
316,9,1,0,4
317,9,1,0,5
318,9,1,0,6
319,9,1,0,7
320,9,1,0,8
321,9,1,0,9
322,9,1,0,10
323,9,1,0,11
324,9,1,0,12
325,9,1,0,13
326,9,1,0,14
327,9,1,0,15
328,9,1,0,16
329,9,1,0,17
330,9,1,0,18
331,9,1,0,19
332,9,1,0,20
333,9,1,0,21
334,9,1,0,22
335,9,1,0,23
336,9,1,0,24
337,9,1,0,25
338,9,1,0,26
339,9,1,0,27
340,9,1,0,28
341,9,1,0,29
342,9,1,0,30
343,9,1,0,31
344,9,1,0,32
345,9,1,0,33
346,9,1,0,34
347,9,1,0,35
348,9,1,0,36
349,9,1,0,37
350,9,1,0,38
351,9,1,0,39
352,10,1,0,1
353,10,1,0,2
354,10,1,0,3
355,10,1,0,4
356,10,1,0,5
357,10,1,0,6
358,10,1,0,7
359,10,1,0,8
360,10,1,0,9
361,10,1,0,10
362,10,1,0,11
363,10,1,0,12
364,10,1,0,13
365,10,1,0,14
366,10,1,0,15
367,10,1,0,16
368,10,1,0,17
369,10,1,0,18
370,10,1,0,19
371,10,1,0,20
372,10,1,0,21
373,10,1,0,22
374,10,1,0,23
375,10,1,0,24
376,10,1,0,25
377,10,1,0,26
378,10,1,0,27
379,10,1,0,28
380,10,1,0,29
381,10,1,0,30
382,10,1,0,31
383,10,1,0,32
384,10,1,0,33
385,10,1,0,34
386,10,1,0,35
387,10,1,0,36
388,10,1,0,37
389,10,1,0,38
390,10,1,0,39
391,11,1,0,1
392,11,1,0,2
393,11,1,0,3
394,11,1,0,4
395,11,1,0,5
396,11,1,0,6
397,11,1,0,7
398,11,1,0,8
399,11,1,0,9
400,11,1,0,10
401,11,1,0,11
402,11,1,0,12
403,11,1,0,13
404,11,1,0,14
405,11,1,0,15
406,11,1,0,16
407,11,1,0,17
408,11,1,0,18
409,11,1,0,19
410,11,1,0,20
411,11,1,0,21
412,11,1,0,22
413,11,1,0,23
414,11,1,0,24
415,11,1,0,25
416,11,1,0,26
417,11,1,0,27
418,11,1,0,28
419,11,1,0,29
420,11,1,0,30
421,11,1,0,31
422,11,1,0,32
423,11,1,0,33
424,11,1,0,34
425,11,1,0,35
426,11,1,0,36
427,11,1,0,37
428,11,1,0,38
429,11,1,0,39
430,12,1,0,1
431,12,1,0,2
432,12,1,0,3
433,12,1,0,4
434,12,1,0,5
435,12,1,0,6
436,12,1,0,7
437,12,1,0,8
438,12,1,0,9
439,12,1,0,10
440,12,1,0,11
441,12,1,0,12
442,12,1,0,13
443,12,1,0,14
444,12,1,0,15
445,12,1,0,16
446,12,1,0,17
447,12,1,0,18
448,12,1,0,19
449,12,1,0,20
450,12,1,0,21
451,12,1,0,22
452,12,1,0,23
453,12,1,0,24
454,12,1,0,25
455,12,1,0,26
456,12,1,0,27
457,12,1,0,28
458,12,1,0,29
459,12,1,0,30
460,12,1,0,31
461,12,1,0,32
462,12,1,0,33
463,12,1,0,34
464,12,1,0,35
465,12,1,0,36
466,12,1,0,37
467,12,1,0,38
468,12,1,0,39
469,13,1,0,1
470,13,1,0,2
471,13,1,0,3
472,13,1,0,4
473,13,1,0,5
474,13,1,0,6
475,13,1,0,7
476,13,1,0,8
477,13,1,0,9
478,13,1,0,10
479,13,1,0,11
480,13,1,0,12
481,13,1,0,13
482,13,1,0,14
483,13,1,0,15
484,13,1,0,16
485,13,1,0,17
486,13,1,0,18
487,13,1,0,19
488,13,1,0,20
489,13,1,0,21
490,13,1,0,22
491,13,1,0,23
492,13,1,0,24
493,13,1,0,25
494,13,1,0,26
495,13,1,0,27
496,13,1,0,28
497,13,1,0,29
498,13,1,0,30
499,13,1,0,31
500,13,1,0,32
501,13,1,0,33
502,13,1,0,34
503,13,1,0,35
504,13,1,0,36
505,13,1,0,37
506,13,1,0,38
507,13,1,0,39
508,14,1,0,1
509,14,1,0,2
510,14,1,0,3
511,14,1,0,4
512,14,1,0,5
513,14,1,0,6
514,14,1,0,7
515,14,1,0,8
516,14,1,0,9
517,14,1,0,10
518,14,1,0,11
519,14,1,0,12
520,14,1,0,13
521,14,1,0,14
522,14,1,0,15
523,14,1,0,16
524,14,1,0,17
525,14,1,0,18
526,14,1,0,19
527,14,1,0,20
528,14,1,0,21
529,14,1,0,22
530,14,1,0,23
531,14,1,0,24
532,14,1,0,25
533,14,1,0,26
534,14,1,0,27
535,14,1,0,28
536,14,1,0,29
537,14,1,0,30
538,14,1,0,31
539,14,1,0,32
540,14,1,0,33
541,14,1,0,34
542,14,1,0,35
543,14,1,0,36
544,14,1,0,37
545,14,1,0,38
546,14,1,0,39
547,15,1,0,1
548,15,1,0,2
549,15,1,0,3
550,15,1,0,4
551,15,1,0,5
552,15,1,0,6
553,15,1,0,7
554,15,1,0,8
555,15,1,0,9
556,15,1,0,10
557,15,1,0,11
558,15,1,0,12
559,15,1,0,13
560,15,1,0,14
561,15,1,0,15
562,15,1,0,16
563,15,1,0,17
564,15,1,0,18
565,15,1,0,19
566,15,1,0,20
567,15,1,0,21
568,15,1,0,22
569,15,1,0,23
570,15,1,0,24
571,15,1,0,25
572,15,1,0,26
573,15,1,0,27
574,15,1,0,28
575,15,1,0,29
576,15,1,0,30
577,15,1,0,31
578,15,1,0,32
579,15,1,0,33
580,15,1,0,34
581,15,1,0,35
582,15,1,0,36
583,15,1,0,37
584,15,1,0,38
585,15,1,0,39
586,16,1,0,1
587,16,1,0,2
588,16,1,0,3
589,16,1,0,4
590,16,1,0,5
591,16,1,0,6
592,16,1,0,7
593,16,1,0,8
594,16,1,0,9
595,16,1,0,10
596,16,1,0,11
597,16,1,0,12
598,16,1,0,13
599,16,1,0,14
600,16,1,0,15
601,16,1,0,16
602,16,1,0,17
603,16,1,0,18
604,16,1,0,19
605,16,1,0,20
606,16,1,0,21
607,16,1,0,22
608,16,1,0,23
609,16,1,0,24
610,16,1,0,25
611,16,1,0,26
612,16,1,0,27
613,16,1,0,28
614,16,1,0,29
615,16,1,0,30
616,16,1,0,31
617,16,1,0,32
618,16,1,0,33
619,16,1,0,34
620,16,1,0,35
621,16,1,0,36
622,16,1,0,37
623,16,1,0,38
624,16,1,0,39
625,17,1,0,1
626,17,1,0,2
627,17,1,0,3
628,17,1,0,4
629,17,1,0,5
630,17,1,0,6
631,17,1,0,7
632,17,1,0,8
633,17,1,0,9
634,17,1,0,10
635,17,1,0,11
636,17,1,0,12
637,17,1,0,13
638,17,1,0,14
639,17,1,0,15
640,17,1,0,16
641,17,1,0,17
642,17,1,0,18
643,17,1,0,19
644,17,1,0,20
645,17,1,0,21
646,17,1,0,22
647,17,1,0,23
648,17,1,0,24
649,17,1,0,25
650,17,1,0,26
651,17,1,0,27
652,17,1,0,28
653,17,1,0,29
654,17,1,0,30
655,17,1,0,31
656,17,1,0,32
657,17,1,0,33
658,17,1,0,34
659,17,1,0,35
660,17,1,0,36
661,17,1,0,37
662,17,1,0,38
663,17,1,0,39
664,18,1,0,1
665,18,1,0,2
666,18,1,0,3
667,18,1,0,4
668,18,1,0,5
669,18,1,0,6
670,18,1,0,7
671,18,1,0,8
672,18,1,0,9
673,18,1,0,10
674,18,1,0,11
675,18,1,0,12
676,18,1,0,13
677,18,1,0,14
678,18,1,0,15
679,18,1,0,16
680,18,1,0,17
681,18,1,0,18
682,18,1,0,19
683,18,1,0,20
684,18,1,0,21
685,18,1,0,22
686,18,1,0,23
687,18,1,0,24
688,18,1,0,25
689,18,1,0,26
690,18,1,0,27
691,18,1,0,28
692,18,1,0,29
693,18,1,0,30
694,18,1,0,31
695,18,1,0,32
696,18,1,0,33
697,18,1,0,34
698,18,1,0,35
699,18,1,0,36
700,18,1,0,37
701,18,1,0,38
702,18,1,0,39
703,19,1,0,1
704,19,1,0,2
705,19,1,0,3
706,19,1,0,4
707,19,1,0,5
708,19,1,0,6
709,19,1,0,7
710,19,1,0,8
711,19,1,0,9
712,19,1,0,10
713,19,1,0,11
714,19,1,0,12
715,19,1,0,13
716,19,1,0,14
717,19,1,0,15
718,19,1,0,16
719,19,1,0,17
720,19,1,0,18
721,19,1,0,19
722,19,1,0,20
723,19,1,0,21
724,19,1,0,22
725,19,1,0,23
726,19,1,0,24
727,19,1,0,25
728,19,1,0,26
729,19,1,0,27
730,19,1,0,28
731,19,1,0,29
732,19,1,0,30
733,19,1,0,31
734,19,1,0,32
735,19,1,0,33
736,19,1,0,34
737,19,1,0,35
738,19,1,0,36
739,19,1,0,37
740,19,1,0,38
741,19,1,0,39
742,20,1,0,1
743,20,1,0,2
744,20,1,0,3
745,20,1,0,4
746,20,1,0,5
747,20,1,0,6
748,20,1,0,7
749,20,1,0,8
750,20,1,0,9
751,20,1,0,10
752,20,1,0,11
753,20,1,0,12
754,20,1,0,13
755,20,1,0,14
756,20,1,0,15
757,20,1,0,16
758,20,1,0,17
759,20,1,0,18
760,20,1,0,19
761,20,1,0,20
762,20,1,0,21
763,20,1,0,22
764,20,1,0,23
765,20,1,0,24
766,20,1,0,25
767,20,1,0,26
768,20,1,0,27
769,20,1,0,28
770,20,1,0,29
771,20,1,0,30
772,20,1,0,31
773,20,1,0,32
774,20,1,0,33
775,20,1,0,34
776,20,1,0,35
777,20,1,0,36
778,20,1,0,37
779,20,1,0,38
780,20,1,0,39
781,21,1,0,1
782,21,1,0,2
783,21,1,0,3
784,21,1,0,4
785,21,1,0,5
786,21,1,0,6
787,21,1,0,7
788,21,1,0,8
789,21,1,0,9
790,21,1,0,10
791,21,1,0,11
792,21,1,0,12
793,21,1,0,13
794,21,1,0,14
795,21,1,0,15
796,21,1,0,16
797,21,1,0,17
798,21,1,0,18
799,21,1,0,19
800,21,1,0,20
801,21,1,0,21
802,21,1,0,22
803,21,1,0,23
804,21,1,0,24
805,21,1,0,25
806,21,1,0,26
807,21,1,0,27
808,21,1,0,28
809,21,1,0,29
810,21,1,0,30
811,21,1,0,31
812,21,1,0,32
813,21,1,0,33
814,21,1,0,34
815,21,1,0,35
816,21,1,0,36
817,21,1,0,37
818,21,1,0,38
819,21,1,0,39
820,22,1,0,1
821,22,1,0,2
822,22,1,0,3
823,22,1,0,4
824,22,1,0,5
825,22,1,0,6
826,22,1,0,7
827,22,1,0,8
828,22,1,0,9
829,22,1,0,10
830,22,1,0,11
831,22,1,0,12
832,22,1,0,13
833,22,1,0,14
834,22,1,0,15
835,22,1,0,16
836,22,1,0,17
837,22,1,0,18
838,22,1,0,19
839,22,1,0,20
840,22,1,0,21
841,22,1,0,22
842,22,1,0,23
843,22,1,0,24
844,22,1,0,25
845,22,1,0,26
846,22,1,0,27
847,22,1,0,28
848,22,1,0,29
849,22,1,0,30
850,22,1,0,31
851,22,1,0,32
852,22,1,0,33
853,22,1,0,34
854,22,1,0,35
855,22,1,0,36
856,22,1,0,37
857,22,1,0,38
858,22,1,0,39
859,23,1,0,1
860,23,1,0,2
861,23,1,0,3
862,23,1,0,4
863,23,1,0,5
864,23,1,0,6
865,23,1,0,7
866,23,1,0,8
867,23,1,0,9
868,23,1,0,10
869,23,1,0,11
870,23,1,0,12
871,23,1,0,13
872,23,1,0,14
873,23,1,0,15
874,23,1,0,16
875,23,1,0,17
876,23,1,0,18
877,23,1,0,19
878,23,1,0,20
879,23,1,0,21
880,23,1,0,22
881,23,1,0,23
882,23,1,0,24
883,23,1,0,25
884,23,1,0,26
885,23,1,0,27
886,23,1,0,28
887,23,1,0,29
888,23,1,0,30
889,23,1,0,31
890,23,1,0,32
891,23,1,0,33
892,23,1,0,34
893,23,1,0,35
894,23,1,0,36
895,23,1,0,37
896,23,1,0,38
897,23,1,0,39
898,24,1,0,1
899,24,1,0,2
900,24,1,0,3
901,24,1,0,4
902,24,1,0,5
903,24,1,0,6
904,24,1,0,7
905,24,1,0,8
906,24,1,0,9
907,24,1,0,10
908,24,1,0,11
909,24,1,0,12
910,24,1,0,13
911,24,1,0,14
912,24,1,0,15
913,24,1,0,16
914,24,1,0,17
915,24,1,0,18
916,24,1,0,19
917,24,1,0,20
918,24,1,0,21
919,24,1,0,22
920,24,1,0,23
921,24,1,0,24
922,24,1,0,25
923,24,1,0,26
924,24,1,0,27
925,24,1,0,28
926,24,1,0,29
927,24,1,0,30
928,24,1,0,31
929,24,1,0,32
930,24,1,0,33
931,24,1,0,34
932,24,1,0,35
933,24,1,0,36
934,24,1,0,37
935,24,1,0,38
936,24,1,0,39
937,25,1,0,1
938,25,1,0,2
939,25,1,0,3
940,25,1,0,4
941,25,1,0,5
942,25,1,0,6
943,25,1,0,7
944,25,1,0,8
945,25,1,0,9
946,25,1,0,10
947,25,1,0,11
948,25,1,0,12
949,25,1,0,13
950,25,1,0,14
951,25,1,0,15
952,25,1,0,16
953,25,1,0,17
954,25,1,0,18
955,25,1,0,19
956,25,1,0,20
957,25,1,0,21
958,25,1,0,22
959,25,1,0,23
960,25,1,0,24
961,25,1,0,25
962,25,1,0,26
963,25,1,0,27
964,25,1,0,28
965,25,1,0,29
966,25,1,0,30
967,25,1,0,31
968,25,1,0,32
969,25,1,0,33
970,25,1,0,34
971,25,1,0,35
972,25,1,0,36
973,25,1,0,37
974,25,1,0,38
975,25,1,0,39
976,26,1,0,1
977,26,1,0,2
978,26,1,0,3
979,26,1,0,4
980,26,1,0,5
981,26,1,0,6
982,26,1,0,7
983,26,1,0,8
984,26,1,0,9
985,26,1,0,10
986,26,1,0,11
987,26,1,0,12
988,26,1,0,13
989,26,1,0,14
990,26,1,0,15
991,26,1,0,16
992,26,1,0,17
993,26,1,0,18
994,26,1,0,19
995,26,1,0,20
996,26,1,0,21
997,26,1,0,22
998,26,1,0,23
999,26,1,0,24
1000,26,1,0,25
1001,26,1,0,26
1002,26,1,0,27
1003,26,1,0,28
1004,26,1,0,29
1005,26,1,0,30
1006,26,1,0,31
1007,26,1,0,32
1008,26,1,0,33
1009,26,1,0,34
1010,26,1,0,35
1011,26,1,0,36
1012,26,1,0,37
1013,26,1,0,38
1014,26,1,0,39
1015,27,1,0,1
1016,27,1,0,2
1017,27,1,0,3
1018,27,1,0,4
1019,27,1,0,5
1020,27,1,0,6
1021,27,1,0,7
1022,27,1,0,8
1023,27,1,0,9
1024,27,1,0,10
1025,27,1,0,11
1026,27,1,0,12
1027,27,1,0,13
1028,27,1,0,14
1029,27,1,0,15
1030,27,1,0,16
1031,27,1,0,17
1032,27,1,0,18
1033,27,1,0,19
1034,27,1,0,20
1035,27,1,0,21
1036,27,1,0,22
1037,27,1,0,23
1038,27,1,0,24
1039,27,1,0,25
1040,27,1,0,26
1041,27,1,0,27
1042,27,1,0,28
1043,27,1,0,29
1044,27,1,0,30
1045,27,1,0,31
1046,27,1,0,32
1047,27,1,0,33
1048,27,1,0,34
1049,27,1,0,35
1050,27,1,0,36
1051,27,1,0,37
1052,27,1,0,38
1053,27,1,0,39
1054,28,1,0,1
1055,28,1,0,2
1056,28,1,0,3
1057,28,1,0,4
1058,28,1,0,5
1059,28,1,0,6
1060,28,1,0,7
1061,28,1,0,8
1062,28,1,0,9
1063,28,1,0,10
1064,28,1,0,11
1065,28,1,0,12
1066,28,1,0,13
1067,28,1,0,14
1068,28,1,0,15
1069,28,1,0,16
1070,28,1,0,17
1071,28,1,0,18
1072,28,1,0,19
1073,28,1,0,20
1074,28,1,0,21
1075,28,1,0,22
1076,28,1,0,23
1077,28,1,0,24
1078,28,1,0,25
1079,28,1,0,26
1080,28,1,0,27
1081,28,1,0,28
1082,28,1,0,29
1083,28,1,0,30
1084,28,1,0,31
1085,28,1,0,32
1086,28,1,0,33
1087,28,1,0,34
1088,28,1,0,35
1089,28,1,0,36
1090,28,1,0,37
1091,28,1,0,38
1092,28,1,0,39
1093,29,1,0,1
1094,29,1,0,2
1095,29,1,0,3
1096,29,1,0,4
1097,29,1,0,5
1098,29,1,0,6
1099,29,1,0,7
1100,29,1,0,8
1101,29,1,0,9
1102,29,1,0,10
1103,29,1,0,11
1104,29,1,0,12
1105,29,1,0,13
1106,29,1,0,14
1107,29,1,0,15
1108,29,1,0,16
1109,29,1,0,17
1110,29,1,0,18
1111,29,1,0,19
1112,29,1,0,20
1113,29,1,0,21
1114,29,1,0,22
1115,29,1,0,23
1116,29,1,0,24
1117,29,1,0,25
1118,29,1,0,26
1119,29,1,0,27
1120,29,1,0,28
1121,29,1,0,29
1122,29,1,0,30
1123,29,1,0,31
1124,29,1,0,32
1125,29,1,0,33
1126,29,1,0,34
1127,29,1,0,35
1128,29,1,0,36
1129,29,1,0,37
1130,29,1,0,38
1131,29,1,0,39
1132,30,1,0,1
1133,30,1,0,2
1134,30,1,0,3
1135,30,1,0,4
1136,30,1,0,5
1137,30,1,0,6
1138,30,1,0,7
1139,30,1,0,8
1140,30,1,0,9
1141,30,1,0,10
1142,30,1,0,11
1143,30,1,0,12
1144,30,1,0,13
1145,30,1,0,14
1146,30,1,0,15
1147,30,1,0,16
1148,30,1,0,17
1149,30,1,0,18
1150,30,1,0,19
1151,30,1,0,20
1152,30,1,0,21
1153,30,1,0,22
1154,30,1,0,23
1155,30,1,0,24
1156,30,1,0,25
1157,30,1,0,26
1158,30,1,0,27
1159,30,1,0,28
1160,30,1,0,29
1161,30,1,0,30
1162,30,1,0,31
1163,30,1,0,32
1164,30,1,0,33
1165,30,1,0,34
1166,30,1,0,35
1167,30,1,0,36
1168,30,1,0,37
1169,30,1,0,38
1170,30,1,0,39
1171,31,1,0,1
1172,31,1,0,2
1173,31,1,0,3
1174,31,1,0,4
1175,31,1,0,5
1176,31,1,0,6
1177,31,1,0,7
1178,31,1,0,8
1179,31,1,0,9
1180,31,1,0,10
1181,31,1,0,11
1182,31,1,0,12
1183,31,1,0,13
1184,31,1,0,14
1185,31,1,0,15
1186,31,1,0,16
1187,31,1,0,17
1188,31,1,0,18
1189,31,1,0,19
1190,31,1,0,20
1191,31,1,0,21
1192,31,1,0,22
1193,31,1,0,23
1194,31,1,0,24
1195,31,1,0,25
1196,31,1,0,26
1197,31,1,0,27
1198,31,1,0,28
1199,31,1,0,29
1200,31,1,0,30
1201,31,1,0,31
1202,31,1,0,32
1203,31,1,0,33
1204,31,1,0,34
1205,31,1,0,35
1206,31,1,0,36
1207,31,1,0,37
1208,31,1,0,38
1209,31,1,0,39
1210,32,1,0,1
1211,32,1,0,2
1212,32,1,0,3
1213,32,1,0,4
1214,32,1,0,5
1215,32,1,0,6
1216,32,1,0,7
1217,32,1,0,8
1218,32,1,0,9
1219,32,1,0,10
1220,32,1,0,11
1221,32,1,0,12
1222,32,1,0,13
1223,32,1,0,14
1224,32,1,0,15
1225,32,1,0,16
1226,32,1,0,17
1227,32,1,0,18
1228,32,1,0,19
1229,32,1,0,20
1230,32,1,0,21
1231,32,1,0,22
1232,32,1,0,23
1233,32,1,0,24
1234,32,1,0,25
1235,32,1,0,26
1236,32,1,0,27
1237,32,1,0,28
1238,32,1,0,29
1239,32,1,0,30
1240,32,1,0,31
1241,32,1,0,32
1242,32,1,0,33
1243,32,1,0,34
1244,32,1,0,35
1245,32,1,0,36
1246,32,1,0,37
1247,32,1,0,38
1248,32,1,0,39
1249,33,1,0,1
1250,33,1,0,2
1251,33,1,0,3
1252,33,1,0,4
1253,33,1,0,5
1254,33,1,0,6
1255,33,1,0,7
1256,33,1,0,8
1257,33,1,0,9
1258,33,1,0,10
1259,33,1,0,11
1260,33,1,0,12
1261,33,1,0,13
1262,33,1,0,14
1263,33,1,0,15
1264,33,1,0,16
1265,33,1,0,17
1266,33,1,0,18
1267,33,1,0,19
1268,33,1,0,20
1269,33,1,0,21
1270,33,1,0,22
1271,33,1,0,23
1272,33,1,0,24
1273,33,1,0,25
1274,33,1,0,26
1275,33,1,0,27
1276,33,1,0,28
1277,33,1,0,29
1278,33,1,0,30
1279,33,1,0,31
1280,33,1,0,32
1281,33,1,0,33
1282,33,1,0,34
1283,33,1,0,35
1284,33,1,0,36
1285,33,1,0,37
1286,33,1,0,38
1287,33,1,0,39
1288,34,1,0,1
1289,34,1,0,2
1290,34,1,0,3
1291,34,1,0,4
1292,34,1,0,5
1293,34,1,0,6
1294,34,1,0,7
1295,34,1,0,8
1296,34,1,0,9
1297,34,1,0,10
1298,34,1,0,11
1299,34,1,0,12
1300,34,1,0,13
1301,34,1,0,14
1302,34,1,0,15
1303,34,1,0,16
1304,34,1,0,17
1305,34,1,0,18
1306,34,1,0,19
1307,34,1,0,20
1308,34,1,0,21
1309,34,1,0,22
1310,34,1,0,23
1311,34,1,0,24
1312,34,1,0,25
1313,34,1,0,26
1314,34,1,0,27
1315,34,1,0,28
1316,34,1,0,29
1317,34,1,0,30
1318,34,1,0,31
1319,34,1,0,32
1320,34,1,0,33
1321,34,1,0,34
1322,34,1,0,35
1323,34,1,0,36
1324,34,1,0,37
1325,34,1,0,38
1326,34,1,0,39
1327,35,1,0,1
1328,35,1,0,2
1329,35,1,0,3
1330,35,1,0,4
1331,35,1,0,5
1332,35,1,0,6
1333,35,1,0,7
1334,35,1,0,8
1335,35,1,0,9
1336,35,1,0,10
1337,35,1,0,11
1338,35,1,0,12
1339,35,1,0,13
1340,35,1,0,14
1341,35,1,0,15
1342,35,1,0,16
1343,35,1,0,17
1344,35,1,0,18
1345,35,1,0,19
1346,35,1,0,20
1347,35,1,0,21
1348,35,1,0,22
1349,35,1,0,23
1350,35,1,0,24
1351,35,1,0,25
1352,35,1,0,26
1353,35,1,0,27
1354,35,1,0,28
1355,35,1,0,29
1356,35,1,0,30
1357,35,1,0,31
1358,35,1,0,32
1359,35,1,0,33
1360,35,1,0,34
1361,35,1,0,35
1362,35,1,0,36
1363,35,1,0,37
1364,35,1,0,38
1365,35,1,0,39
1366,36,1,0,1
1367,36,1,0,2
1368,36,1,0,3
1369,36,1,0,4
1370,36,1,0,5
1371,36,1,0,6
1372,36,1,0,7
1373,36,1,0,8
1374,36,1,0,9
1375,36,1,0,10
1376,36,1,0,11
1377,36,1,0,12
1378,36,1,0,13
1379,36,1,0,14
1380,36,1,0,15
1381,36,1,0,16
1382,36,1,0,17
1383,36,1,0,18
1384,36,1,0,19
1385,36,1,0,20
1386,36,1,0,21
1387,36,1,0,22
1388,36,1,0,23
1389,36,1,0,24
1390,36,1,0,25
1391,36,1,0,26
1392,36,1,0,27
1393,36,1,0,28
1394,36,1,0,29
1395,36,1,0,30
1396,36,1,0,31
1397,36,1,0,32
1398,36,1,0,33
1399,36,1,0,34
1400,36,1,0,35
1401,36,1,0,36
1402,36,1,0,37
1403,36,1,0,38
1404,36,1,0,39
1405,37,1,0,1
1406,37,1,0,2
1407,37,1,0,3
1408,37,1,0,4
1409,37,1,0,5
1410,37,1,0,6
1411,37,1,0,7
1412,37,1,0,8
1413,37,1,0,9
1414,37,1,0,10
1415,37,1,0,11
1416,37,1,0,12
1417,37,1,0,13
1418,37,1,0,14
1419,37,1,0,15
1420,37,1,0,16
1421,37,1,0,17
1422,37,1,0,18
1423,37,1,0,19
1424,37,1,0,20
1425,37,1,0,21
1426,37,1,0,22
1427,37,1,0,23
1428,37,1,0,24
1429,37,1,0,25
1430,37,1,0,26
1431,37,1,0,27
1432,37,1,0,28
1433,37,1,0,29
1434,37,1,0,30
1435,37,1,0,31
1436,37,1,0,32
1437,37,1,0,33
1438,37,1,0,34
1439,37,1,0,35
1440,37,1,0,36
1441,37,1,0,37
1442,37,1,0,38
1443,37,1,0,39
1444,38,1,0,1
1445,38,1,0,2
1446,38,1,0,3
1447,38,1,0,4
1448,38,1,0,5
1449,38,1,0,6
1450,38,1,0,7
1451,38,1,0,8
1452,38,1,0,9
1453,38,1,0,10
1454,38,1,0,11
1455,38,1,0,12
1456,38,1,0,13
1457,38,1,0,14
1458,38,1,0,15
1459,38,1,0,16
1460,38,1,0,17
1461,38,1,0,18
1462,38,1,0,19
1463,38,1,0,20
1464,38,1,0,21
1465,38,1,0,22
1466,38,1,0,23
1467,38,1,0,24
1468,38,1,0,25
1469,38,1,0,26
1470,38,1,0,27
1471,38,1,0,28
1472,38,1,0,29
1473,38,1,0,30
1474,38,1,0,31
1475,38,1,0,32
1476,38,1,0,33
1477,38,1,0,34
1478,38,1,0,35
1479,38,1,0,36
1480,38,1,0,37
1481,38,1,0,38
1482,38,1,0,39
1483,39,1,0,1
1484,39,1,0,2
1485,39,1,0,3
1486,39,1,0,4
1487,39,1,0,5
1488,39,1,0,6
1489,39,1,0,7
1490,39,1,0,8
1491,39,1,0,9
1492,39,1,0,10
1493,39,1,0,11
1494,39,1,0,12
1495,39,1,0,13
1496,39,1,0,14
1497,39,1,0,15
1498,39,1,0,16
1499,39,1,0,17
1500,39,1,0,18
1501,39,1,0,19
1502,39,1,0,20
1503,39,1,0,21
1504,39,1,0,22
1505,39,1,0,23
1506,39,1,0,24
1507,39,1,0,25
1508,39,1,0,26
1509,39,1,0,27
1510,39,1,0,28
1511,39,1,0,29
1512,39,1,0,30
1513,39,1,0,31
1514,39,1,0,32
1515,39,1,0,33
1516,39,1,0,34
1517,39,1,0,35
1518,39,1,0,36
1519,39,1,0,37
1520,39,1,0,38
1521,39,1,0,39
1522,40,1,0,1
1523,40,1,0,2
1524,40,1,0,3
1525,40,1,0,4
1526,40,1,0,5
1527,40,1,0,6
1528,40,1,0,7
1529,40,1,0,8
1530,40,1,0,9
1531,40,1,0,10
1532,40,1,0,11
1533,40,1,0,12
1534,40,1,0,13
1535,40,1,0,14
1536,40,1,0,15
1537,40,1,0,16
1538,40,1,0,17
1539,40,1,0,18
1540,40,1,0,19
1541,40,1,0,20
1542,40,1,0,21
1543,40,1,0,22
1544,40,1,0,23
1545,40,1,0,24
1546,40,1,0,25
1547,40,1,0,26
1548,40,1,0,27
1549,40,1,0,28
1550,40,1,0,29
1551,40,1,0,30
1552,40,1,0,31
1553,40,1,0,32
1554,40,1,0,33
1555,40,1,0,34
1556,40,1,0,35
1557,40,1,0,36
1558,40,1,0,37
1559,40,1,0,38
1560,40,1,0,39
1561,41,1,0,1
1562,41,1,0,2
1563,41,1,0,3
1564,41,1,0,4
1565,41,1,0,5
1566,41,1,0,6
1567,41,1,0,7
1568,41,1,0,8
1569,41,1,0,9
1570,41,1,0,10
1571,41,1,0,11
1572,41,1,0,12
1573,41,1,0,13
1574,41,1,0,14
1575,41,1,0,15
1576,41,1,0,16
1577,41,1,0,17
1578,41,1,0,18
1579,41,1,0,19
1580,41,1,0,20
1581,41,1,0,21
1582,41,1,0,22
1583,41,1,0,23
1584,41,1,0,24
1585,41,1,0,25
1586,41,1,0,26
1587,41,1,0,27
1588,41,1,0,28
1589,41,1,0,29
1590,41,1,0,30
1591,41,1,0,31
1592,41,1,0,32
1593,41,1,0,33
1594,41,1,0,34
1595,41,1,0,35
1596,41,1,0,36
1597,41,1,0,37
1598,41,1,0,38
1599,41,1,0,39
1600,42,1,0,1
1601,42,1,0,2
1602,42,1,0,3
1603,42,1,0,4
1604,42,1,0,5
1605,42,1,0,6
1606,42,1,0,7
1607,42,1,0,8
1608,42,1,0,9
1609,42,1,0,10
1610,42,1,0,11
1611,42,1,0,12
1612,42,1,0,13
1613,42,1,0,14
1614,42,1,0,15
1615,42,1,0,16
1616,42,1,0,17
1617,42,1,0,18
1618,42,1,0,19
1619,42,1,0,20
1620,42,1,0,21
1621,42,1,0,22
1622,42,1,0,23
1623,42,1,0,24
1624,42,1,0,25
1625,42,1,0,26
1626,42,1,0,27
1627,42,1,0,28
1628,42,1,0,29
1629,42,1,0,30
1630,42,1,0,31
1631,42,1,0,32
1632,42,1,0,33
1633,42,1,0,34
1634,42,1,0,35
1635,42,1,0,36
1636,42,1,0,37
1637,42,1,0,38
1638,42,1,0,39
1639,43,1,0,1
1640,43,1,0,2
1641,43,1,0,3
1642,43,1,0,4
1643,43,1,0,5
1644,43,1,0,6
1645,43,1,0,7
1646,43,1,0,8
1647,43,1,0,9
1648,43,1,0,10
1649,43,1,0,11
1650,43,1,0,12
1651,43,1,0,13
1652,43,1,0,14
1653,43,1,0,15
1654,43,1,0,16
1655,43,1,0,17
1656,43,1,0,18
1657,43,1,0,19
1658,43,1,0,20
1659,43,1,0,21
1660,43,1,0,22
1661,43,1,0,23
1662,43,1,0,24
1663,43,1,0,25
1664,43,1,0,26
1665,43,1,0,27
1666,43,1,0,28
1667,43,1,0,29
1668,43,1,0,30
1669,43,1,0,31
1670,43,1,0,32
1671,43,1,0,33
1672,43,1,0,34
1673,43,1,0,35
1674,43,1,0,36
1675,43,1,0,37
1676,43,1,0,38
1677,43,1,0,39
1678,44,1,0,1
1679,44,1,0,2
1680,44,1,0,3
1681,44,1,0,4
1682,44,1,0,5
1683,44,1,0,6
1684,44,1,0,7
1685,44,1,0,8
1686,44,1,0,9
1687,44,1,0,10
1688,44,1,0,11
1689,44,1,0,12
1690,44,1,0,13
1691,44,1,0,14
1692,44,1,0,15
1693,44,1,0,16
1694,44,1,0,17
1695,44,1,0,18
1696,44,1,0,19
1697,44,1,0,20
1698,44,1,0,21
1699,44,1,0,22
1700,44,1,0,23
1701,44,1,0,24
1702,44,1,0,25
1703,44,1,0,26
1704,44,1,0,27
1705,44,1,0,28
1706,44,1,0,29
1707,44,1,0,30
1708,44,1,0,31
1709,44,1,0,32
1710,44,1,0,33
1711,44,1,0,34
1712,44,1,0,35
1713,44,1,0,36
1714,44,1,0,37
1715,44,1,0,38
1716,44,1,0,39
1717,45,1,0,1
1718,45,1,0,2
1719,45,1,0,3
1720,45,1,0,4
1721,45,1,0,5
1722,45,1,0,6
1723,45,1,0,7
1724,45,1,0,8
1725,45,1,0,9
1726,45,1,0,10
1727,45,1,0,11
1728,45,1,0,12
1729,45,1,0,13
1730,45,1,0,14
1731,45,1,0,15
1732,45,1,0,16
1733,45,1,0,17
1734,45,1,0,18
1735,45,1,0,19
1736,45,1,0,20
1737,45,1,0,21
1738,45,1,0,22
1739,45,1,0,23
1740,45,1,0,24
1741,45,1,0,25
1742,45,1,0,26
1743,45,1,0,27
1744,45,1,0,28
1745,45,1,0,29
1746,45,1,0,30
1747,45,1,0,31
1748,45,1,0,32
1749,45,1,0,33
1750,45,1,0,34
1751,45,1,0,35
1752,45,1,0,36
1753,45,1,0,37
1754,45,1,0,38
1755,45,1,0,39
1756,46,1,0,1
1757,46,1,0,2
1758,46,1,0,3
1759,46,1,0,4
1760,46,1,0,5
1761,46,1,0,6
1762,46,1,0,7
1763,46,1,0,8
1764,46,1,0,9
1765,46,1,0,10
1766,46,1,0,11
1767,46,1,0,12
1768,46,1,0,13
1769,46,1,0,14
1770,46,1,0,15
1771,46,1,0,16
1772,46,1,0,17
1773,46,1,0,18
1774,46,1,0,19
1775,46,1,0,20
1776,46,1,0,21
1777,46,1,0,22
1778,46,1,0,23
1779,46,1,0,24
1780,46,1,0,25
1781,46,1,0,26
1782,46,1,0,27
1783,46,1,0,28
1784,46,1,0,29
1785,46,1,0,30
1786,46,1,0,31
1787,46,1,0,32
1788,46,1,0,33
1789,46,1,0,34
1790,46,1,0,35
1791,46,1,0,36
1792,46,1,0,37
1793,46,1,0,38
1794,46,1,0,39
1795,47,1,0,1
1796,47,1,0,2
1797,47,1,0,3
1798,47,1,0,4
1799,47,1,0,5
1800,47,1,0,6
1801,47,1,0,7
1802,47,1,0,8
1803,47,1,0,9
1804,47,1,0,10
1805,47,1,0,11
1806,47,1,0,12
1807,47,1,0,13
1808,47,1,0,14
1809,47,1,0,15
1810,47,1,0,16
1811,47,1,0,17
1812,47,1,0,18
1813,47,1,0,19
1814,47,1,0,20
1815,47,1,0,21
1816,47,1,0,22
1817,47,1,0,23
1818,47,1,0,24
1819,47,1,0,25
1820,47,1,0,26
1821,47,1,0,27
1822,47,1,0,28
1823,47,1,0,29
1824,47,1,0,30
1825,47,1,0,31
1826,47,1,0,32
1827,47,1,0,33
1828,47,1,0,34
1829,47,1,0,35
1830,47,1,0,36
1831,47,1,0,37
1832,47,1,0,38
1833,47,1,0,39
1834,48,1,0,1
1835,48,1,0,2
1836,48,1,0,3
1837,48,1,0,4
1838,48,1,0,5
1839,48,1,0,6
1840,48,1,0,7
1841,48,1,0,8
1842,48,1,0,9
1843,48,1,0,10
1844,48,1,0,11
1845,48,1,0,12
1846,48,1,0,13
1847,48,1,0,14
1848,48,1,0,15
1849,48,1,0,16
1850,48,1,0,17
1851,48,1,0,18
1852,48,1,0,19
1853,48,1,0,20
1854,48,1,0,21
1855,48,1,0,22
1856,48,1,0,23
1857,48,1,0,24
1858,48,1,0,25
1859,48,1,0,26
1860,48,1,0,27
1861,48,1,0,28
1862,48,1,0,29
1863,48,1,0,30
1864,48,1,0,31
1865,48,1,0,32
1866,48,1,0,33
1867,48,1,0,34
1868,48,1,0,35
1869,48,1,0,36
1870,48,1,0,37
1871,48,1,0,38
1872,48,1,0,39
1873,49,1,0,1
1874,49,1,0,2
1875,49,1,0,3
1876,49,1,0,4
1877,49,1,0,5
1878,49,1,0,6
1879,49,1,0,7
1880,49,1,0,8
1881,49,1,0,9
1882,49,1,0,10
1883,49,1,0,11
1884,49,1,0,12
1885,49,1,0,13
1886,49,1,0,14
1887,49,1,0,15
1888,49,1,0,16
1889,49,1,0,17
1890,49,1,0,18
1891,49,1,0,19
1892,49,1,0,20
1893,49,1,0,21
1894,49,1,0,22
1895,49,1,0,23
1896,49,1,0,24
1897,49,1,0,25
1898,49,1,0,26
1899,49,1,0,27
1900,49,1,0,28
1901,49,1,0,29
1902,49,1,0,30
1903,49,1,0,31
1904,49,1,0,32
1905,49,1,0,33
1906,49,1,0,34
1907,49,1,0,35
1908,49,1,0,36
1909,49,1,0,37
1910,49,1,0,38
1911,49,1,0,39
1912,50,1,0,1
1913,50,1,0,2
1914,50,1,0,3
1915,50,1,0,4
1916,50,1,0,5
1917,50,1,0,6
1918,50,1,0,7
1919,50,1,0,8
1920,50,1,0,9
1921,50,1,0,10
1922,50,1,0,11
1923,50,1,0,12
1924,50,1,0,13
1925,50,1,0,14
1926,50,1,0,15
1927,50,1,0,16
1928,50,1,0,17
1929,50,1,0,18
1930,50,1,0,19
1931,50,1,0,20
1932,50,1,0,21
1933,50,1,0,22
1934,50,1,0,23
1935,50,1,0,24
1936,50,1,0,25
1937,50,1,0,26
1938,50,1,0,27
1939,50,1,0,28
1940,50,1,0,29
1941,50,1,0,30
1942,50,1,0,31
1943,50,1,0,32
1944,50,1,0,33
1945,50,1,0,34
1946,50,1,0,35
1947,50,1,0,36
1948,50,1,0,37
1949,50,1,0,38
1950,50,1,0,39
1951,51,1,0,1
1952,51,1,0,2
1953,51,1,0,3
1954,51,1,0,4
1955,51,1,0,5
1956,51,1,0,6
1957,51,1,0,7
1958,51,1,0,8
1959,51,1,0,9
1960,51,1,0,10
1961,51,1,0,11
1962,51,1,0,12
1963,51,1,0,13
1964,51,1,0,14
1965,51,1,0,15
1966,51,1,0,16
1967,51,1,0,17
1968,51,1,0,18
1969,51,1,0,19
1970,51,1,0,20
1971,51,1,0,21
1972,51,1,0,22
1973,51,1,0,23
1974,51,1,0,24
1975,51,1,0,25
1976,51,1,0,26
1977,51,1,0,27
1978,51,1,0,28
1979,51,1,0,29
1980,51,1,0,30
1981,51,1,0,31
1982,51,1,0,32
1983,51,1,0,33
1984,51,1,0,34
1985,51,1,0,35
1986,51,1,0,36
1987,51,1,0,37
1988,51,1,0,38
1989,51,1,0,39
1990,52,1,0,1
1991,52,1,0,2
1992,52,1,0,3
1993,52,1,0,4
1994,52,1,0,5
1995,52,1,0,6
1996,52,1,0,7
1997,52,1,0,8
1998,52,1,0,9
1999,52,1,0,10
2000,52,1,0,11
2001,52,1,0,12
2002,52,1,0,13
2003,52,1,0,14
2004,52,1,0,15
2005,52,1,0,16
2006,52,1,0,17
2007,52,1,0,18
2008,52,1,0,19
2009,52,1,0,20
2010,52,1,0,21
2011,52,1,0,22
2012,52,1,0,23
2013,52,1,0,24
2014,52,1,0,25
2015,52,1,0,26
2016,52,1,0,27
2017,52,1,0,28
2018,52,1,0,29
2019,52,1,0,30
2020,52,1,0,31
2021,52,1,0,32
2022,52,1,0,33
2023,52,1,0,34
2024,52,1,0,35
2025,52,1,0,36
2026,52,1,0,37
2027,52,1,0,38
2028,52,1,0,39
2029,53,1,0,1
2030,53,1,0,2
2031,53,1,0,3
2032,53,1,0,4
2033,53,1,0,5
2034,53,1,0,6
2035,53,1,0,7
2036,53,1,0,8
2037,53,1,0,9
2038,53,1,0,10
2039,53,1,0,11
2040,53,1,0,12
2041,53,1,0,13
2042,53,1,0,14
2043,53,1,0,15
2044,53,1,0,16
2045,53,1,0,17
2046,53,1,0,18
2047,53,1,0,19
2048,53,1,0,20
2049,53,1,0,21
2050,53,1,0,22
2051,53,1,0,23
2052,53,1,0,24
2053,53,1,0,25
2054,53,1,0,26
2055,53,1,0,27
2056,53,1,0,28
2057,53,1,0,29
2058,53,1,0,30
2059,53,1,0,31
2060,53,1,0,32
2061,53,1,0,33
2062,53,1,0,34
2063,53,1,0,35
2064,53,1,0,36
2065,53,1,0,37
2066,53,1,0,38
2067,53,1,0,39
2068,54,1,0,1
2069,54,1,0,2
2070,54,1,0,3
2071,54,1,0,4
2072,54,1,0,5
2073,54,1,0,6
2074,54,1,0,7
2075,54,1,0,8
2076,54,1,0,9
2077,54,1,0,10
2078,54,1,0,11
2079,54,1,0,12
2080,54,1,0,13
2081,54,1,0,14
2082,54,1,0,15
2083,54,1,0,16
2084,54,1,0,17
2085,54,1,0,18
2086,54,1,0,19
2087,54,1,0,20
2088,54,1,0,21
2089,54,1,0,22
2090,54,1,0,23
2091,54,1,0,24
2092,54,1,0,25
2093,54,1,0,26
2094,54,1,0,27
2095,54,1,0,28
2096,54,1,0,29
2097,54,1,0,30
2098,54,1,0,31
2099,54,1,0,32
2100,54,1,0,33
2101,54,1,0,34
2102,54,1,0,35
2103,54,1,0,36
2104,54,1,0,37
2105,54,1,0,38
2106,54,1,0,39
2107,55,1,0,1
2108,55,1,0,2
2109,55,1,0,3
2110,55,1,0,4
2111,55,1,0,5
2112,55,1,0,6
2113,55,1,0,7
2114,55,1,0,8
2115,55,1,0,9
2116,55,1,0,10
2117,55,1,0,11
2118,55,1,0,12
2119,55,1,0,13
2120,55,1,0,14
2121,55,1,0,15
2122,55,1,0,16
2123,55,1,0,17
2124,55,1,0,18
2125,55,1,0,19
2126,55,1,0,20
2127,55,1,0,21
2128,55,1,0,22
2129,55,1,0,23
2130,55,1,0,24
2131,55,1,0,25
2132,55,1,0,26
2133,55,1,0,27
2134,55,1,0,28
2135,55,1,0,29
2136,55,1,0,30
2137,55,1,0,31
2138,55,1,0,32
2139,55,1,0,33
2140,55,1,0,34
2141,55,1,0,35
2142,55,1,0,36
2143,55,1,0,37
2144,55,1,0,38
2145,55,1,0,39
2146,56,1,0,1
2147,56,1,0,2
2148,56,1,0,3
2149,56,1,0,4
2150,56,1,0,5
2151,56,1,0,6
2152,56,1,0,7
2153,56,1,0,8
2154,56,1,0,9
2155,56,1,0,10
2156,56,1,0,11
2157,56,1,0,12
2158,56,1,0,13
2159,56,1,0,14
2160,56,1,0,15
2161,56,1,0,16
2162,56,1,0,17
2163,56,1,0,18
2164,56,1,0,19
2165,56,1,0,20
2166,56,1,0,21
2167,56,1,0,22
2168,56,1,0,23
2169,56,1,0,24
2170,56,1,0,25
2171,56,1,0,26
2172,56,1,0,27
2173,56,1,0,28
2174,56,1,0,29
2175,56,1,0,30
2176,56,1,0,31
2177,56,1,0,32
2178,56,1,0,33
2179,56,1,0,34
2180,56,1,0,35
2181,56,1,0,36
2182,56,1,0,37
2183,56,1,0,38
2184,56,1,0,39
2185,57,1,0,1
2186,57,1,0,2
2187,57,1,0,3
2188,57,1,0,4
2189,57,1,0,5
2190,57,1,0,6
2191,57,1,0,7
2192,57,1,0,8
2193,57,1,0,9
2194,57,1,0,10
2195,57,1,0,11
2196,57,1,0,12
2197,57,1,0,13
2198,57,1,0,14
2199,57,1,0,15
2200,57,1,0,16
2201,57,1,0,17
2202,57,1,0,18
2203,57,1,0,19
2204,57,1,0,20
2205,57,1,0,21
2206,57,1,0,22
2207,57,1,0,23
2208,57,1,0,24
2209,57,1,0,25
2210,57,1,0,26
2211,57,1,0,27
2212,57,1,0,28
2213,57,1,0,29
2214,57,1,0,30
2215,57,1,0,31
2216,57,1,0,32
2217,57,1,0,33
2218,57,1,0,34
2219,57,1,0,35
2220,57,1,0,36
2221,57,1,0,37
2222,57,1,0,38
2223,57,1,0,39
2224,58,1,0,1
2225,58,1,0,2
2226,58,1,0,3
2227,58,1,0,4
2228,58,1,0,5
2229,58,1,0,6
2230,58,1,0,7
2231,58,1,0,8
2232,58,1,0,9
2233,58,1,0,10
2234,58,1,0,11
2235,58,1,0,12
2236,58,1,0,13
2237,58,1,0,14
2238,58,1,0,15
2239,58,1,0,16
2240,58,1,0,17
2241,58,1,0,18
2242,58,1,0,19
2243,58,1,0,20
2244,58,1,0,21
2245,58,1,0,22
2246,58,1,0,23
2247,58,1,0,24
2248,58,1,0,25
2249,58,1,0,26
2250,58,1,0,27
2251,58,1,0,28
2252,58,1,0,29
2253,58,1,0,30
2254,58,1,0,31
2255,58,1,0,32
2256,58,1,0,33
2257,58,1,0,34
2258,58,1,0,35
2259,58,1,0,36
2260,58,1,0,37
2261,58,1,0,38
2262,58,1,0,39
2263,59,1,0,1
2264,59,1,0,2
2265,59,1,0,3
2266,59,1,0,4
2267,59,1,0,5
2268,59,1,0,6
2269,59,1,0,7
2270,59,1,0,8
2271,59,1,0,9
2272,59,1,0,10
2273,59,1,0,11
2274,59,1,0,12
2275,59,1,0,13
2276,59,1,0,14
2277,59,1,0,15
2278,59,1,0,16
2279,59,1,0,17
2280,59,1,0,18
2281,59,1,0,19
2282,59,1,0,20
2283,59,1,0,21
2284,59,1,0,22
2285,59,1,0,23
2286,59,1,0,24
2287,59,1,0,25
2288,59,1,0,26
2289,59,1,0,27
2290,59,1,0,28
2291,59,1,0,29
2292,59,1,0,30
2293,59,1,0,31
2294,59,1,0,32
2295,59,1,0,33
2296,59,1,0,34
2297,59,1,0,35
2298,59,1,0,36
2299,59,1,0,37
2300,59,1,0,38
2301,59,1,0,39
2302,60,1,0,1
2303,60,1,0,2
2304,60,1,0,3
2305,60,1,0,4
2306,60,1,0,5
2307,60,1,0,6
2308,60,1,0,7
2309,60,1,0,8
2310,60,1,0,9
2311,60,1,0,10
2312,60,1,0,11
2313,60,1,0,12
2314,60,1,0,13
2315,60,1,0,14
2316,60,1,0,15
2317,60,1,0,16
2318,60,1,0,17
2319,60,1,0,18
2320,60,1,0,19
2321,60,1,0,20
2322,60,1,0,21
2323,60,1,0,22
2324,60,1,0,23
2325,60,1,0,24
2326,60,1,0,25
2327,60,1,0,26
2328,60,1,0,27
2329,60,1,0,28
2330,60,1,0,29
2331,60,1,0,30
2332,60,1,0,31
2333,60,1,0,32
2334,60,1,0,33
2335,60,1,0,34
2336,60,1,0,35
2337,60,1,0,36
2338,60,1,0,37
2339,60,1,0,38
2340,60,1,0,39
2341,61,1,0,1
2342,61,1,0,2
2343,61,1,0,3
2344,61,1,0,4
2345,61,1,0,5
2346,61,1,0,6
2347,61,1,0,7
2348,61,1,0,8
2349,61,1,0,9
2350,61,1,0,10
2351,61,1,0,11
2352,61,1,0,12
2353,61,1,0,13
2354,61,1,0,14
2355,61,1,0,15
2356,61,1,0,16
2357,61,1,0,17
2358,61,1,0,18
2359,61,1,0,19
2360,61,1,0,20
2361,61,1,0,21
2362,61,1,0,22
2363,61,1,0,23
2364,61,1,0,24
2365,61,1,0,25
2366,61,1,0,26
2367,61,1,0,27
2368,61,1,0,28
2369,61,1,0,29
2370,61,1,0,30
2371,61,1,0,31
2372,61,1,0,32
2373,61,1,0,33
2374,61,1,0,34
2375,61,1,0,35
2376,61,1,0,36
2377,61,1,0,37
2378,61,1,0,38
2379,61,1,0,39
2380,62,1,0,1
2381,62,1,0,2
2382,62,1,0,3
2383,62,1,0,4
2384,62,1,0,5
2385,62,1,0,6
2386,62,1,0,7
2387,62,1,0,8
2388,62,1,0,9
2389,62,1,0,10
2390,62,1,0,11
2391,62,1,0,12
2392,62,1,0,13
2393,62,1,0,14
2394,62,1,0,15
2395,62,1,0,16
2396,62,1,0,17
2397,62,1,0,18
2398,62,1,0,19
2399,62,1,0,20
2400,62,1,0,21
2401,62,1,0,22
2402,62,1,0,23
2403,62,1,0,24
2404,62,1,0,25
2405,62,1,0,26
2406,62,1,0,27
2407,62,1,0,28
2408,62,1,0,29
2409,62,1,0,30
2410,62,1,0,31
2411,62,1,0,32
2412,62,1,0,33
2413,62,1,0,34
2414,62,1,0,35
2415,62,1,0,36
2416,62,1,0,37
2417,62,1,0,38
2418,62,1,0,39
2419,63,1,0,1
2420,63,1,0,2
2421,63,1,0,3
2422,63,1,0,4
2423,63,1,0,5
2424,63,1,0,6
2425,63,1,0,7
2426,63,1,0,8
2427,63,1,0,9
2428,63,1,0,10
2429,63,1,0,11
2430,63,1,0,12
2431,63,1,0,13
2432,63,1,0,14
2433,63,1,0,15
2434,63,1,0,16
2435,63,1,0,17
2436,63,1,0,18
2437,63,1,0,19
2438,63,1,0,20
2439,63,1,0,21
2440,63,1,0,22
2441,63,1,0,23
2442,63,1,0,24
2443,63,1,0,25
2444,63,1,0,26
2445,63,1,0,27
2446,63,1,0,28
2447,63,1,0,29
2448,63,1,0,30
2449,63,1,0,31
2450,63,1,0,32
2451,63,1,0,33
2452,63,1,0,34
2453,63,1,0,35
2454,63,1,0,36
2455,63,1,0,37
2456,63,1,0,38
2457,63,1,0,39
2458,64,1,0,1
2459,64,1,0,2
2460,64,1,0,3
2461,64,1,0,4
2462,64,1,0,5
2463,64,1,0,6
2464,64,1,0,7
2465,64,1,0,8
2466,64,1,0,9
2467,64,1,0,10
2468,64,1,0,11
2469,64,1,0,12
2470,64,1,0,13
2471,64,1,0,14
2472,64,1,0,15
2473,64,1,0,16
2474,64,1,0,17
2475,64,1,0,18
2476,64,1,0,19
2477,64,1,0,20
2478,64,1,0,21
2479,64,1,0,22
2480,64,1,0,23
2481,64,1,0,24
2482,64,1,0,25
2483,64,1,0,26
2484,64,1,0,27
2485,64,1,0,28
2486,64,1,0,29
2487,64,1,0,30
2488,64,1,0,31
2489,64,1,0,32
2490,64,1,0,33
2491,64,1,0,34
2492,64,1,0,35
2493,64,1,0,36
2494,64,1,0,37
2495,64,1,0,38
2496,64,1,0,39
2497,65,1,0,1
2498,65,1,0,2
2499,65,1,0,3
2500,65,1,0,4
2501,65,1,0,5
2502,65,1,0,6
2503,65,1,0,7
2504,65,1,0,8
2505,65,1,0,9
2506,65,1,0,10
2507,65,1,0,11
2508,65,1,0,12
2509,65,1,0,13
2510,65,1,0,14
2511,65,1,0,15
2512,65,1,0,16
2513,65,1,0,17
2514,65,1,0,18
2515,65,1,0,19
2516,65,1,0,20
2517,65,1,0,21
2518,65,1,0,22
2519,65,1,0,23
2520,65,1,0,24
2521,65,1,0,25
2522,65,1,0,26
2523,65,1,0,27
2524,65,1,0,28
2525,65,1,0,29
2526,65,1,0,30
2527,65,1,0,31
2528,65,1,0,32
2529,65,1,0,33
2530,65,1,0,34
2531,65,1,0,35
2532,65,1,0,36
2533,65,1,0,37
2534,65,1,0,38
2535,65,1,0,39
2536,66,1,0,1
2537,66,1,0,2
2538,66,1,0,3
2539,66,1,0,4
2540,66,1,0,5
2541,66,1,0,6
2542,66,1,0,7
2543,66,1,0,8
2544,66,1,0,9
2545,66,1,0,10
2546,66,1,0,11
2547,66,1,0,12
2548,66,1,0,13
2549,66,1,0,14
2550,66,1,0,15
2551,66,1,0,16
2552,66,1,0,17
2553,66,1,0,18
2554,66,1,0,19
2555,66,1,0,20
2556,66,1,0,21
2557,66,1,0,22
2558,66,1,0,23
2559,66,1,0,24
2560,66,1,0,25
2561,66,1,0,26
2562,66,1,0,27
2563,66,1,0,28
2564,66,1,0,29
2565,66,1,0,30
2566,66,1,0,31
2567,66,1,0,32
2568,66,1,0,33
2569,66,1,0,34
2570,66,1,0,35
2571,66,1,0,36
2572,66,1,0,37
2573,66,1,0,38
2574,66,1,0,39
2575,67,1,0,1
2576,67,1,0,2
2577,67,1,0,3
2578,67,1,0,4
2579,67,1,0,5
2580,67,1,0,6
2581,67,1,0,7
2582,67,1,0,8
2583,67,1,0,9
2584,67,1,0,10
2585,67,1,0,11
2586,67,1,0,12
2587,67,1,0,13
2588,67,1,0,14
2589,67,1,0,15
2590,67,1,0,16
2591,67,1,0,17
2592,67,1,0,18
2593,67,1,0,19
2594,67,1,0,20
2595,67,1,0,21
2596,67,1,0,22
2597,67,1,0,23
2598,67,1,0,24
2599,67,1,0,25
2600,67,1,0,26
2601,67,1,0,27
2602,67,1,0,28
2603,67,1,0,29
2604,67,1,0,30
2605,67,1,0,31
2606,67,1,0,32
2607,67,1,0,33
2608,67,1,0,34
2609,67,1,0,35
2610,67,1,0,36
2611,67,1,0,37
2612,67,1,0,38
2613,67,1,0,39
2614,68,1,0,1
2615,68,1,0,2
2616,68,1,0,3
2617,68,1,0,4
2618,68,1,0,5
2619,68,1,0,6
2620,68,1,0,7
2621,68,1,0,8
2622,68,1,0,9
2623,68,1,0,10
2624,68,1,0,11
2625,68,1,0,12
2626,68,1,0,13
2627,68,1,0,14
2628,68,1,0,15
2629,68,1,0,16
2630,68,1,0,17
2631,68,1,0,18
2632,68,1,0,19
2633,68,1,0,20
2634,68,1,0,21
2635,68,1,0,22
2636,68,1,0,23
2637,68,1,0,24
2638,68,1,0,25
2639,68,1,0,26
2640,68,1,0,27
2641,68,1,0,28
2642,68,1,0,29
2643,68,1,0,30
2644,68,1,0,31
2645,68,1,0,32
2646,68,1,0,33
2647,68,1,0,34
2648,68,1,0,35
2649,68,1,0,36
2650,68,1,0,37
2651,68,1,0,38
2652,68,1,0,39
2653,69,1,0,1
2654,69,1,0,2
2655,69,1,0,3
2656,69,1,0,4
2657,69,1,0,5
2658,69,1,0,6
2659,69,1,0,7
2660,69,1,0,8
2661,69,1,0,9
2662,69,1,0,10
2663,69,1,0,11
2664,69,1,0,12
2665,69,1,0,13
2666,69,1,0,14
2667,69,1,0,15
2668,69,1,0,16
2669,69,1,0,17
2670,69,1,0,18
2671,69,1,0,19
2672,69,1,0,20
2673,69,1,0,21
2674,69,1,0,22
2675,69,1,0,23
2676,69,1,0,24
2677,69,1,0,25
2678,69,1,0,26
2679,69,1,0,27
2680,69,1,0,28
2681,69,1,0,29
2682,69,1,0,30
2683,69,1,0,31
2684,69,1,0,32
2685,69,1,0,33
2686,69,1,0,34
2687,69,1,0,35
2688,69,1,0,36
2689,69,1,0,37
2690,69,1,0,38
2691,69,1,0,39
2692,70,1,0,1
2693,70,1,0,2
2694,70,1,0,3
2695,70,1,0,4
2696,70,1,0,5
2697,70,1,0,6
2698,70,1,0,7
2699,70,1,0,8
2700,70,1,0,9
2701,70,1,0,10
2702,70,1,0,11
2703,70,1,0,12
2704,70,1,0,13
2705,70,1,0,14
2706,70,1,0,15
2707,70,1,0,16
2708,70,1,0,17
2709,70,1,0,18
2710,70,1,0,19
2711,70,1,0,20
2712,70,1,0,21
2713,70,1,0,22
2714,70,1,0,23
2715,70,1,0,24
2716,70,1,0,25
2717,70,1,0,26
2718,70,1,0,27
2719,70,1,0,28
2720,70,1,0,29
2721,70,1,0,30
2722,70,1,0,31
2723,70,1,0,32
2724,70,1,0,33
2725,70,1,0,34
2726,70,1,0,35
2727,70,1,0,36
2728,70,1,0,37
2729,70,1,0,38
2730,70,1,0,39
2731,71,1,0,1
2732,71,1,0,2
2733,71,1,0,3
2734,71,1,0,4
2735,71,1,0,5
2736,71,1,0,6
2737,71,1,0,7
2738,71,1,0,8
2739,71,1,0,9
2740,71,1,0,10
2741,71,1,0,11
2742,71,1,0,12
2743,71,1,0,13
2744,71,1,0,14
2745,71,1,0,15
2746,71,1,0,16
2747,71,1,0,17
2748,71,1,0,18
2749,71,1,0,19
2750,71,1,0,20
2751,71,1,0,21
2752,71,1,0,22
2753,71,1,0,23
2754,71,1,0,24
2755,71,1,0,25
2756,71,1,0,26
2757,71,1,0,27
2758,71,1,0,28
2759,71,1,0,29
2760,71,1,0,30
2761,71,1,0,31
2762,71,1,0,32
2763,71,1,0,33
2764,71,1,0,34
2765,71,1,0,35
2766,71,1,0,36
2767,71,1,0,37
2768,71,1,0,38
2769,71,1,0,39
2770,72,1,0,1
2771,72,1,0,2
2772,72,1,0,3
2773,72,1,0,4
2774,72,1,0,5
2775,72,1,0,6
2776,72,1,0,7
2777,72,1,0,8
2778,72,1,0,9
2779,72,1,0,10
2780,72,1,0,11
2781,72,1,0,12
2782,72,1,0,13
2783,72,1,0,14
2784,72,1,0,15
2785,72,1,0,16
2786,72,1,0,17
2787,72,1,0,18
2788,72,1,0,19
2789,72,1,0,20
2790,72,1,0,21
2791,72,1,0,22
2792,72,1,0,23
2793,72,1,0,24
2794,72,1,0,25
2795,72,1,0,26
2796,72,1,0,27
2797,72,1,0,28
2798,72,1,0,29
2799,72,1,0,30
2800,72,1,0,31
2801,72,1,0,32
2802,72,1,0,33
2803,72,1,0,34
2804,72,1,0,35
2805,72,1,0,36
2806,72,1,0,37
2807,72,1,0,38
2808,72,1,0,39
